method,K,alpha,scope,median,mean,p25,p75,p90,min,max,pct_rank_eq_1,pct_rank_le_10
Random baseline,0,nan,aggregate,198.0,199.9225,97.0,302.25,371.0,2,400,0.0,0.025
Random baseline,0,nan,heldout_like_c,182.5,175.83333333333334,88.75,250.75,309.6,6,395,0.0,0.03333333333333333
"GW (Pure-GW, alpha=1.0)",0,1.0,aggregate,175.5,177.2825,84.0,267.25,332.0,2,399,0.0,0.02
"GW (Pure-GW, alpha=1.0)",0,1.0,heldout_like_c,158.5,148.6,32.5,231.25,292.1,4,351,0.0,0.06666666666666667
FGW direct (M = caption cos),0,0.0,aggregate,13.0,31.4275,3.0,47.0,97.0,1,200,0.1525,0.465
FGW direct (M = caption cos),0,0.0,heldout_like_c,16.0,26.6,4.0,36.75,63.20000000000003,1,139,0.2,0.4666666666666667
FGW direct (M = caption cos),0,0.3,aggregate,43.0,79.7575,13.0,116.25,214.60000000000014,1,397,0.055,0.22
FGW direct (M = caption cos),0,0.3,heldout_like_c,39.5,62.833333333333336,7.25,86.5,177.40000000000003,1,267,0.1,0.3
FGW direct (M = caption cos),0,0.5,aggregate,42.0,77.8475,12.75,112.25,212.20000000000005,1,399,0.055,0.2275
FGW direct (M = caption cos),0,0.5,heldout_like_c,33.5,62.766666666666666,7.25,86.75,165.90000000000003,1,257,0.13333333333333333,0.3
FGW direct (M = caption cos),0,0.7,aggregate,39.0,77.435,12.0,119.75,209.4000000000001,1,400,0.0575,0.225
FGW direct (M = caption cos),0,0.7,heldout_like_c,40.0,65.0,8.0,105.25,169.9,1,243,0.13333333333333333,0.26666666666666666
FGW direct (M = caption cos),0,0.9,aggregate,66.5,94.4575,15.0,145.5,235.10000000000002,1,399,0.0475,0.2025
FGW direct (M = caption cos),0,0.9,heldout_like_c,58.0,77.5,8.75,117.25,162.50000000000006,1,321,0.03333333333333333,0.26666666666666666
FGW transitive (identity bridge),10,0.0,aggregate,150.5,166.18,72.5,263.25,326.20000000000005,2,399,0.0,0.0325
FGW transitive (identity bridge),10,0.0,heldout_like_c,196.5,191.73333333333332,95.5,289.5,317.70000000000005,2,383,0.0,0.06666666666666667
FGW transitive (identity bridge),10,0.3,aggregate,134.0,151.0625,54.75,230.25,311.60000000000014,1,399,0.005,0.05
FGW transitive (identity bridge),10,0.3,heldout_like_c,128.5,160.0,92.75,216.0,307.20000000000005,4,390,0.0,0.03333333333333333
FGW transitive (identity bridge),10,0.5,aggregate,126.5,143.4625,53.0,219.0,297.0,1,400,0.0075,0.055
FGW transitive (identity bridge),10,0.5,heldout_like_c,146.0,156.9,74.25,235.5,291.30000000000007,7,387,0.0,0.03333333333333333
FGW transitive (identity bridge),10,0.7,aggregate,119.5,136.765,49.0,207.25,277.20000000000005,1,400,0.0075,0.0575
FGW transitive (identity bridge),10,0.7,heldout_like_c,144.0,157.1,75.75,244.75,280.70000000000005,6,371,0.0,0.03333333333333333
FGW transitive (identity bridge),10,0.9,aggregate,111.5,133.045,47.75,205.25,280.0,2,397,0.0,0.05
FGW transitive (identity bridge),10,0.9,heldout_like_c,118.5,141.83333333333334,89.5,207.75,268.0,4,310,0.0,0.03333333333333333
FGW transitive (identity bridge),20,0.0,aggregate,105.5,137.95,45.75,207.0,318.20000000000005,1,400,0.01,0.055
FGW transitive (identity bridge),20,0.0,heldout_like_c,89.0,127.46666666666667,42.25,202.25,276.9000000000001,4,395,0.0,0.06666666666666667
FGW transitive (identity bridge),20,0.3,aggregate,106.5,129.1825,41.0,186.5,296.0,1,396,0.0075,0.06
FGW transitive (identity bridge),20,0.3,heldout_like_c,80.0,121.13333333333334,40.25,211.25,261.5,4,392,0.0,0.1
FGW transitive (identity bridge),20,0.5,aggregate,105.0,125.8725,42.0,179.0,286.30000000000007,1,384,0.0075,0.0675
FGW transitive (identity bridge),20,0.5,heldout_like_c,109.0,125.9,48.0,183.75,265.1000000000001,4,384,0.0,0.1
FGW transitive (identity bridge),20,0.7,aggregate,104.0,123.7825,42.0,179.25,275.1,1,376,0.005,0.08
FGW transitive (identity bridge),20,0.7,heldout_like_c,136.5,135.36666666666667,36.5,183.25,279.6000000000001,4,368,0.0,0.1
FGW transitive (identity bridge),20,0.9,aggregate,104.5,124.3575,44.0,187.25,257.70000000000016,1,394,0.005,0.06
FGW transitive (identity bridge),20,0.9,heldout_like_c,120.5,132.06666666666666,69.0,198.0,266.90000000000003,5,346,0.0,0.13333333333333333
FGW transitive (identity bridge),50,0.0,aggregate,94.0,116.325,32.5,179.5,260.20000000000005,1,399,0.0225,0.0975
FGW transitive (identity bridge),50,0.0,heldout_like_c,106.0,149.0,62.75,236.25,305.40000000000003,8,388,0.0,0.03333333333333333
FGW transitive (identity bridge),50,0.3,aggregate,88.5,112.6825,31.0,171.0,257.30000000000007,1,400,0.0225,0.105
FGW transitive (identity bridge),50,0.3,heldout_like_c,121.5,152.7,55.5,258.5,296.8,8,391,0.0,0.03333333333333333
FGW transitive (identity bridge),50,0.5,aggregate,85.5,110.4675,31.75,171.0,258.0,1,400,0.02,0.1025
FGW transitive (identity bridge),50,0.5,heldout_like_c,125.0,150.96666666666667,53.0,246.0,299.3,8,377,0.0,0.03333333333333333
FGW transitive (identity bridge),50,0.7,aggregate,84.5,109.8975,30.0,170.0,259.20000000000005,1,400,0.0125,0.0925
FGW transitive (identity bridge),50,0.7,heldout_like_c,127.0,138.26666666666668,50.75,205.25,287.40000000000003,10,328,0.0,0.03333333333333333
FGW transitive (identity bridge),50,0.9,aggregate,93.5,116.655,34.75,173.5,256.1,1,399,0.0075,0.08
FGW transitive (identity bridge),50,0.9,heldout_like_c,112.0,126.6,61.25,178.75,249.70000000000002,8,313,0.0,0.06666666666666667
FGW transitive (identity bridge),100,0.0,aggregate,51.5,82.175,11.0,120.25,235.10000000000002,1,395,0.0725,0.235
FGW transitive (identity bridge),100,0.0,heldout_like_c,74.0,112.7,36.5,178.75,266.3,3,379,0.0,0.06666666666666667
FGW transitive (identity bridge),100,0.3,aggregate,48.0,80.2025,12.0,115.0,227.10000000000002,1,389,0.0675,0.235
FGW transitive (identity bridge),100,0.3,heldout_like_c,67.5,118.1,31.0,194.75,282.0,3,389,0.0,0.06666666666666667
FGW transitive (identity bridge),100,0.5,aggregate,48.0,80.305,12.0,106.5,222.30000000000007,1,392,0.0625,0.22
FGW transitive (identity bridge),100,0.5,heldout_like_c,73.0,120.3,32.25,184.0,283.3,4,392,0.0,0.03333333333333333
FGW transitive (identity bridge),100,0.7,aggregate,52.5,83.46,14.75,123.0,229.30000000000007,1,386,0.0525,0.1975
FGW transitive (identity bridge),100,0.7,heldout_like_c,66.0,112.46666666666667,31.25,146.75,286.3,4,386,0.0,0.03333333333333333
FGW transitive (identity bridge),100,0.9,aggregate,66.0,98.14,23.0,153.75,245.10000000000002,1,372,0.0175,0.135
FGW transitive (identity bridge),100,0.9,heldout_like_c,74.0,111.53333333333333,39.75,171.0,249.4,5,335,0.0,0.1
FGW transitive (identity bridge),160,0.0,aggregate,25.0,62.81,5.0,91.0,193.20000000000005,1,364,0.1375,0.3525
FGW transitive (identity bridge),160,0.0,heldout_like_c,65.0,93.6,27.25,107.0,246.70000000000007,3,345,0.0,0.1
FGW transitive (identity bridge),160,0.3,aggregate,25.0,61.33,6.0,88.25,187.30000000000007,1,361,0.135,0.3325
FGW transitive (identity bridge),160,0.3,heldout_like_c,71.0,98.23333333333333,20.5,107.0,256.80000000000007,3,344,0.0,0.06666666666666667
FGW transitive (identity bridge),160,0.5,aggregate,27.0,61.46,7.0,92.25,175.20000000000005,1,353,0.1275,0.305
FGW transitive (identity bridge),160,0.5,heldout_like_c,64.0,103.36666666666666,18.75,137.75,293.2,4,335,0.0,0.1
FGW transitive (identity bridge),160,0.7,aggregate,36.0,66.18,7.75,94.25,190.10000000000002,1,355,0.1,0.2975
FGW transitive (identity bridge),160,0.7,heldout_like_c,66.0,98.56666666666666,21.5,141.75,266.70000000000005,5,326,0.0,0.16666666666666666
FGW transitive (identity bridge),160,0.9,aggregate,54.0,87.135,18.0,131.0,229.30000000000007,1,399,0.03,0.16
FGW transitive (identity bridge),160,0.9,heldout_like_c,82.0,102.83333333333333,23.5,152.0,231.30000000000004,6,273,0.0,0.1
FGW transitive (identity bridge),200,0.0,aggregate,14.0,53.425,2.0,74.25,172.4000000000001,1,328,0.195,0.44
FGW transitive (identity bridge),200,0.0,heldout_like_c,57.5,86.03333333333333,24.5,107.75,256.20000000000005,1,298,0.03333333333333333,0.13333333333333333
FGW transitive (identity bridge),200,0.3,aggregate,16.0,52.405,3.0,74.0,164.30000000000007,1,314,0.1825,0.41
FGW transitive (identity bridge),200,0.3,heldout_like_c,54.0,88.03333333333333,19.25,108.5,248.70000000000005,1,312,0.03333333333333333,0.13333333333333333
FGW transitive (identity bridge),200,0.5,aggregate,19.5,52.72,3.0,73.0,170.30000000000007,1,322,0.1625,0.4075
FGW transitive (identity bridge),200,0.5,heldout_like_c,56.5,89.53333333333333,15.0,119.75,239.50000000000006,3,322,0.0,0.13333333333333333
FGW transitive (identity bridge),200,0.7,aggregate,25.0,58.04,4.0,90.0,165.00000000000023,1,332,0.125,0.36
FGW transitive (identity bridge),200,0.7,heldout_like_c,43.5,88.4,14.25,130.5,207.1000000000001,1,332,0.03333333333333333,0.2
FGW transitive (identity bridge),200,0.9,aggregate,48.0,81.455,16.0,122.5,210.5000000000001,1,361,0.0575,0.1925
FGW transitive (identity bridge),200,0.9,heldout_like_c,56.0,91.66666666666667,24.25,160.75,226.5,1,254,0.03333333333333333,0.13333333333333333
FGW transitive (identity bridge),300,0.0,aggregate,4.0,31.8025,1.0,33.0,103.10000000000002,1,342,0.3025,0.6
FGW transitive (identity bridge),300,0.0,heldout_like_c,41.0,74.76666666666667,13.75,118.5,215.10000000000002,1,342,0.06666666666666667,0.2
FGW transitive (identity bridge),300,0.3,aggregate,5.0,32.39,1.0,36.25,104.10000000000002,1,346,0.2825,0.585
FGW transitive (identity bridge),300,0.3,heldout_like_c,41.5,74.43333333333334,14.5,104.0,219.20000000000002,1,346,0.06666666666666667,0.2
FGW transitive (identity bridge),300,0.5,aggregate,7.5,33.68,1.0,39.25,102.20000000000005,1,349,0.2625,0.5625
FGW transitive (identity bridge),300,0.5,heldout_like_c,34.0,74.06666666666666,10.75,133.5,220.2,1,349,0.06666666666666667,0.26666666666666666
FGW transitive (identity bridge),300,0.7,aggregate,12.0,40.76,2.0,50.0,132.10000000000002,1,349,0.2025,0.4775
FGW transitive (identity bridge),300,0.7,heldout_like_c,31.0,75.26666666666667,12.0,142.25,204.20000000000002,1,349,0.03333333333333333,0.23333333333333334
FGW transitive (identity bridge),300,0.9,aggregate,32.5,66.875,9.0,101.0,188.60000000000014,1,378,0.0825,0.285
FGW transitive (identity bridge),300,0.9,heldout_like_c,58.5,93.56666666666666,20.25,135.0,238.60000000000002,2,310,0.0,0.16666666666666666
Text baseline (raw caption cosine),0,nan,aggregate,61.0,95.605,12.0,150.25,260.1,1,392,0.0625,0.2325
Text baseline (raw caption cosine),0,nan,heldout_like_c,38.0,93.16666666666667,6.75,164.0,250.30000000000004,1,316,0.1,0.3
