K,alpha,scope,R@1,R@5,R@10,R@20,routes_correct,routes_total,knn_overlap,pearson_r,nmi,ami,ari,v_measure,homogeneity,completeness
10,0.0,aggregate,0.0275,0.0575,0.075,0.1325,6,20,0.0745,0.2806743085384369,0.35559334947445903,0.2380875825709526,0.11899731032336078,0.35559334947445903,0.36361793505131357,0.34791530106763235
10,0.0,heldout,0.005128205128205128,0.035897435897435895,0.05384615384615385,0.11282051282051282,4,20,0.06974358974358975,0.28028351068496704,0.35511700004308483,0.23206091338577284,0.11429688103047177,0.3551170000430849,0.3599366892827895,0.35042468022436973
10,0.3,aggregate,0.025,0.0525,0.07,0.13,8,20,0.095,0.6584733724594116,0.3696487089905437,0.25670955436409176,0.14078971059724515,0.36964870899054375,0.37618643750209924,0.3633343366079517
10,0.3,heldout,0.007692307692307693,0.03333333333333333,0.05128205128205128,0.11282051282051282,4,20,0.09128205128205129,0.6603630781173706,0.3636598905092557,0.2444075049164718,0.1187623715078326,0.3636598905092557,0.3668178622539687,0.3605558292344922
10,0.5,aggregate,0.0125,0.0475,0.075,0.115,7,20,0.11200000000000002,0.7310075163841248,0.4147635002429153,0.30927082150918256,0.1787717886824114,0.4147635002429153,0.4212787914901668,0.4084466643822595
10,0.5,heldout,0.002564102564102564,0.03076923076923077,0.05897435897435897,0.1,2,20,0.10564102564102563,0.7304969429969788,0.4065472088977218,0.2946730316004241,0.1511059841330473,0.4065472088977218,0.40917104095378154,0.40395681336605627
10,0.7,aggregate,0.0175,0.04,0.0675,0.095,6,20,0.11299999999999999,0.7644527554512024,0.438747154134267,0.33585475538313175,0.20415896225821656,0.43874715413426707,0.44893970124842525,0.4290071477294354
10,0.7,heldout,0.007692307692307693,0.028205128205128206,0.05384615384615385,0.08205128205128205,0,20,0.11487179487179486,0.7659727334976196,0.44503197640270836,0.33858272605918766,0.19000430616804312,0.4450319764027083,0.4512070880439067,0.43902360497924264
10,0.9,aggregate,0.0075,0.015,0.0425,0.0725,6,20,0.1145,0.7859541177749634,0.43845798416648435,0.3358423624907107,0.17823122795373048,0.43845798416648435,0.45020145398545053,0.42731159454596773
10,0.9,heldout,0.005128205128205128,0.01282051282051282,0.041025641025641026,0.07179487179487179,1,20,0.10666666666666667,0.7849350571632385,0.4549533617434636,0.350739233739879,0.18703669522732386,0.4549533617434635,0.4625884351118018,0.44756623150977776
20,0.0,aggregate,0.03,0.07,0.1075,0.175,8,20,0.0825,0.2759207785129547,0.3607189342686254,0.24528361728186024,0.10119510484937219,0.3607189342686254,0.3688346409144128,0.3529526884724527
20,0.0,heldout,0.0,0.02894736842105263,0.06842105263157895,0.1368421052631579,2,20,0.06736842105263158,0.27417901158332825,0.3572646273464036,0.23328965318792538,0.09231001062656136,0.3572646273464035,0.3628869463813579,0.3518138669358713
20,0.3,aggregate,0.0325,0.0725,0.1175,0.1725,6,20,0.0965,0.6190046668052673,0.3835129790190542,0.2719053500634489,0.11356209307100774,0.3835129790190541,0.39078615967057756,0.3765055836484232
20,0.3,heldout,0.005263157894736842,0.031578947368421054,0.07894736842105263,0.1368421052631579,3,20,0.09368421052631579,0.6229606866836548,0.3568168041482778,0.23244372127482832,0.11104275142734547,0.3568168041482778,0.36128682981049737,0.3524560375696376
20,0.5,aggregate,0.025,0.0575,0.09,0.16,7,20,0.099,0.6954553723335266,0.3978342044876961,0.29028875332359644,0.13445528030576967,0.397834204487696,0.4033239460081985,0.3924919006038545
20,0.5,heldout,0.002631578947368421,0.02894736842105263,0.05789473684210526,0.13157894736842105,5,20,0.09684210526315788,0.6939783096313477,0.36342342453029686,0.24200813556662085,0.12052058555975426,0.36342342453029686,0.36598998252732806,0.36089261258158023
20,0.7,aggregate,0.0175,0.055,0.0675,0.1275,6,20,0.10949999999999999,0.7422822713851929,0.4170385923230418,0.31132160018259625,0.1705624208383762,0.4170385923230418,0.426910658697619,0.4076127784621736
20,0.7,heldout,0.005263157894736842,0.034210526315789476,0.04736842105263158,0.10526315789473684,4,20,0.10631578947368421,0.7403038740158081,0.4076318961092711,0.29292562084529605,0.15378288195043485,0.40763189610927103,0.4143229069978561,0.4011535605019969
20,0.9,aggregate,0.01,0.02,0.045,0.085,6,20,0.11800000000000001,0.7935349345207214,0.4521164068400027,0.35198233233496584,0.17763533133705914,0.45211640684000276,0.4643026823115547,0.4405534629585865
20,0.9,heldout,0.007894736842105263,0.015789473684210527,0.042105263157894736,0.08157894736842106,2,20,0.11789473684210526,0.791650116443634,0.4471649518332875,0.3391197622421825,0.17552591141135337,0.4471649518332875,0.4558966098436811,0.43876147812370114
50,0.0,aggregate,0.065,0.12,0.175,0.23,7,20,0.066,0.28445202112197876,0.3368478639931186,0.21474423575859775,0.09075383074403268,0.33684786399311856,0.34571217073267313,0.3284267673307416
50,0.0,heldout,0.008571428571428572,0.04,0.09142857142857143,0.14857142857142858,5,20,0.05714285714285714,0.2745148837566376,0.3594178380499114,0.21684470341555073,0.08957176391113718,0.3594178380499114,0.35846529480490213,0.36037545713419994
50,0.3,aggregate,0.0625,0.1,0.14,0.2275,7,20,0.0745,0.5438166856765747,0.365082587442117,0.2487041679371621,0.10630387423524429,0.365082587442117,0.3754981672563896,0.35522922809130775
50,0.3,heldout,0.002857142857142857,0.03428571428571429,0.07142857142857142,0.14285714285714285,3,20,0.07428571428571429,0.5474340915679932,0.3813764438616194,0.2439820148298436,0.1057660265176428,0.3813764438616194,0.38152029972803914,0.38123269643876184
50,0.5,aggregate,0.06,0.09,0.1325,0.185,7,20,0.0875,0.6273180842399597,0.35724351729676945,0.24068551515802478,0.10818219174813902,0.35724351729676945,0.36653042342242537,0.348415592801846
50,0.5,heldout,0.005714285714285714,0.02857142857142857,0.07428571428571429,0.12,4,20,0.08857142857142856,0.6237006187438965,0.3750017906803004,0.23806457843553958,0.10689485495556489,0.3750017906803004,0.3741342457157977,0.375873368333837
50,0.7,aggregate,0.0325,0.07,0.1075,0.175,7,20,0.09599999999999997,0.7035227417945862,0.37513302068037097,0.26063246996818495,0.12828372095459423,0.375133020680371,0.38570357655706744,0.36512640093978377
50,0.7,heldout,0.008571428571428572,0.025714285714285714,0.054285714285714284,0.12,3,20,0.08057142857142859,0.6935384273529053,0.39321251792364725,0.2585137024584799,0.114051137990612,0.3932125179236472,0.3937376403560021,0.3926887943227063
50,0.9,aggregate,0.0175,0.0225,0.0475,0.0925,4,20,0.11,0.7841705083847046,0.4228036838605646,0.31689968932001084,0.16900427089907558,0.4228036838605646,0.43484871399352304,0.411407947895675
50,0.9,heldout,0.008571428571428572,0.014285714285714285,0.04285714285714286,0.08285714285714285,2,20,0.10057142857142858,0.7728033065795898,0.43500252553325197,0.3094777326718396,0.14926611707704485,0.4350025255332519,0.4356461821049237,0.434360768129269
100,0.0,aggregate,0.11,0.175,0.2325,0.3075,9,20,0.046,0.3529086410999298,0.336141995880547,0.21335854855692907,0.08977122168808792,0.336141995880547,0.34635414385702473,0.3265148048597995
100,0.0,heldout,0.006666666666666667,0.056666666666666664,0.11333333333333333,0.18,6,20,0.05333333333333334,0.34142544865608215,0.3743414089263489,0.2078060214685248,0.09204196141223442,0.37434140892634893,0.3772269673217144,0.37149966096441944
100,0.3,aggregate,0.1,0.17,0.2075,0.285,7,20,0.062,0.5594450235366821,0.33911502380475445,0.2176848348161962,0.09784158414492963,0.33911502380475445,0.34854998588900826,0.3301773927397812
100,0.3,heldout,0.013333333333333334,0.05333333333333334,0.1,0.16666666666666666,5,20,0.056666666666666664,0.558555006980896,0.37719866982218675,0.21230214147945864,0.09331732439256375,0.37719866982218675,0.3790184919440403,0.3753962396088301
100,0.5,aggregate,0.0875,0.135,0.19,0.2625,5,20,0.0765,0.6395964026451111,0.34861759679424953,0.22944588533819232,0.10504890365630805,0.34861759679424953,0.3581013155769503,0.3396232391853845
100,0.5,heldout,0.016666666666666666,0.04666666666666667,0.09,0.16,5,20,0.062000000000000006,0.6286582946777344,0.3873021779254267,0.22526850755102676,0.0976363098445526,0.38730217792542665,0.38938086307612857,0.3852455687821965
100,0.7,aggregate,0.06,0.1125,0.165,0.2425,6,20,0.08349999999999999,0.6828742623329163,0.36442959612263987,0.24777721280751244,0.11967389756024795,0.36442959612264,0.3756201685106969,0.35388651821770595
100,0.7,heldout,0.016666666666666666,0.04666666666666667,0.09333333333333334,0.17,4,20,0.07400000000000001,0.6559560298919678,0.39078906644222355,0.22888615984663535,0.1086751531987394,0.39078906644222355,0.39365968962972914,0.3879600061679091
100,0.9,aggregate,0.02,0.0425,0.0625,0.1225,6,20,0.105,0.7655161619186401,0.4122017311810617,0.3050971137157747,0.16434814235196088,0.4122017311810617,0.4221100182959125,0.4027479347779272
100,0.9,heldout,0.0033333333333333335,0.02,0.03666666666666667,0.10333333333333333,4,20,0.08466666666666667,0.7470329403877258,0.4062184453441965,0.24792039222841675,0.11151744697789899,0.40621844534419654,0.4085559292164726,0.40390755635360565
160,0.0,aggregate,0.135,0.2475,0.3025,0.3875,7,20,0.064,0.35793769359588623,0.3136811431512715,0.18702234029715478,0.06670548221872055,0.31368114315127155,0.3225789954068956,0.30526098202443197
160,0.0,heldout,0.016666666666666666,0.06666666666666667,0.11666666666666667,0.2,3,20,0.04916666666666667,0.32106226682662964,0.3394384617470078,0.14475621235406802,0.0617750258315442,0.3394384617470078,0.3505917627179927,0.3289729165191466
160,0.3,aggregate,0.1125,0.24,0.2825,0.3825,8,20,0.07550000000000001,0.5410785675048828,0.34300209546784927,0.2213919697308526,0.07975808577490111,0.34300209546784927,0.3528718831421055,0.33366939915404065
160,0.3,heldout,0.004166666666666667,0.06666666666666667,0.09583333333333334,0.2125,3,20,0.058333333333333334,0.5277459621429443,0.3706506821676475,0.18308161787498725,0.0841137156926979,0.3706506821676475,0.3834395642407584,0.3586873617431336
160,0.5,aggregate,0.0875,0.1875,0.245,0.3475,8,20,0.0765,0.6113764643669128,0.3469122254770611,0.22563005472572356,0.08751204250051141,0.3469122254770611,0.35795624897094164,0.33652928797164694
160,0.5,heldout,0.0,0.04583333333333333,0.09583333333333334,0.19166666666666668,3,20,0.06833333333333333,0.5906970500946045,0.3837641332134573,0.20085703102130717,0.09202276717910464,0.38376413321345737,0.39703682149154457,0.37135013453399135
160,0.7,aggregate,0.0625,0.155,0.215,0.29,8,20,0.08800000000000001,0.6634538173675537,0.34810644507805394,0.22935969498676625,0.0893831932880951,0.34810644507805394,0.35730473867775564,0.3393698590097773
160,0.7,heldout,0.008333333333333333,0.05416666666666667,0.09166666666666666,0.17083333333333334,3,20,0.07,0.6357443928718567,0.38036064376871404,0.20093664709571005,0.0967583005215881,0.38036064376871404,0.3912817321706678,0.3700326400781678
160,0.9,aggregate,0.0375,0.0825,0.115,0.1825,8,20,0.09949999999999999,0.7260313034057617,0.3885365043055481,0.27727100792859666,0.1248967573410364,0.38853650430554804,0.39930312421675296,0.3783352521444506
160,0.9,heldout,0.016666666666666666,0.0375,0.07083333333333333,0.1375,3,20,0.0825,0.6887116432189941,0.3857058479860299,0.20149142083852067,0.09276893210594034,0.38570584798602997,0.40073683218141004,0.3717616746354653
200,0.0,aggregate,0.1725,0.295,0.3775,0.46,9,20,0.053500000000000006,0.35269027948379517,0.3133213276953139,0.18640555270009806,0.07002522461767492,0.3133213276953139,0.32243165432546195,0.30471168005048627
200,0.0,heldout,0.02,0.09,0.15,0.25,4,20,0.047,0.31657034158706665,0.3484408139779447,0.11720290281400338,0.05077226301812323,0.3484408139779447,0.35852929830157376,0.3389045412987093
200,0.3,aggregate,0.145,0.265,0.35,0.4525,8,20,0.07200000000000001,0.49750781059265137,0.32669846680890136,0.20270005220811596,0.07301852366818572,0.32669846680890136,0.33494558029619403,0.318847718874281
200,0.3,heldout,0.01,0.07,0.14,0.25,3,20,0.05,0.4827728867530823,0.3653055909129893,0.14081092425439967,0.06325703566064468,0.36530559091298936,0.3744095508151974,0.35663385612715837
200,0.5,aggregate,0.1175,0.2225,0.3,0.4075,9,20,0.07800000000000001,0.5838250517845154,0.32344022611756157,0.1987732813253602,0.07367971332486321,0.32344022611756157,0.3322695119630468,0.3150680294734581
200,0.5,heldout,0.015,0.05,0.115,0.235,3,20,0.05800000000000001,0.5551319122314453,0.3739156922707064,0.15002798700381778,0.07362442377248862,0.37391569227070637,0.38507642406004555,0.36338368462919
200,0.7,aggregate,0.0775,0.165,0.235,0.33,9,20,0.081,0.6456301808357239,0.3272213377990802,0.2031846635001082,0.07874900315709277,0.32722133779908025,0.33710158870956036,0.31790376393337527
200,0.7,heldout,0.015,0.05,0.1,0.19,3,20,0.062,0.5944035649299622,0.379889942885733,0.15595328410204937,0.0772705165813097,0.3798899428857331,0.3929422648131783,0.36767685927949484
200,0.9,aggregate,0.0425,0.0775,0.125,0.1975,6,20,0.1045,0.718312680721283,0.3725236296203365,0.2572742993367744,0.1213763836984864,0.37252362962033647,0.38398623875734816,0.36172553832894516
200,0.9,heldout,0.01,0.015,0.06,0.135,2,20,0.07400000000000001,0.6749118566513062,0.4229407004560306,0.2141236475799786,0.10082766426701095,0.4229407004560306,0.4377530621374734,0.40909794912055925
300,0.0,aggregate,0.2525,0.4,0.495,0.595,12,20,0.058499999999999996,0.33054119348526,0.2977808547409591,0.1679337567995045,0.06479948909274519,0.29778085474095917,0.3066124637384032,0.28944376964949475
300,0.0,heldout,0.02,0.1,0.2,0.27,3,20,0.046000000000000006,0.3189544081687927,0.5234626094139507,0.14976154948399611,0.09036641015748949,0.5234626094139507,0.522072702033889,0.5248599372140647
300,0.3,aggregate,0.2125,0.3575,0.4625,0.5725,10,20,0.06200000000000001,0.47895365953445435,0.30818674225878506,0.18041628474719504,0.06945486530589709,0.30818674225878506,0.3171053910980377,0.299756046989663
300,0.3,heldout,0.02,0.08,0.19,0.28,4,20,0.064,0.4688715636730194,0.5325298983487008,0.17160327046844412,0.09825359234557321,0.5325298983487008,0.5283864015369025,0.5367388936753082
300,0.5,aggregate,0.18,0.3275,0.43,0.515,9,20,0.0765,0.5658867955207825,0.32446038430490187,0.20091227830164476,0.08112905550194595,0.32446038430490187,0.3332130399199154,0.31615577936465084
300,0.5,heldout,0.02,0.08,0.2,0.24,3,20,0.06,0.511527419090271,0.5107653357818047,0.13711211642776067,0.06950092501936045,0.5107653357818046,0.50514989276926,0.5165070291470227
300,0.7,aggregate,0.11,0.23,0.3375,0.4175,10,20,0.0895,0.6507951617240906,0.33426373959121924,0.21159274721675458,0.0888943498609185,0.33426373959121924,0.34466240454762537,0.3244741655330445
300,0.7,heldout,0.02,0.08,0.17,0.21,2,20,0.09,0.5852312445640564,0.5364592299148704,0.18788048825317127,0.10129040691702926,0.5364592299148703,0.5269638781734698,0.5463030538824547
300,0.9,aggregate,0.0525,0.135,0.1775,0.2475,7,20,0.10099999999999999,0.7120911478996277,0.38307414956131014,0.27046070042485004,0.12236255884314919,0.38307414956131014,0.39539239403847865,0.3715002523376337
300,0.9,heldout,0.02,0.04,0.09,0.15,1,20,0.068,0.6135950684547424,0.5234371839805257,0.16019256385387184,0.07536124234926614,0.5234371839805257,0.5179916366487217,0.5289984437774564
400,0.0,aggregate,0.2975,0.5125,0.5875,0.6875,10,20,0.0525,0.29718145728111267,0.3067817775602815,0.17836883221179312,0.06021141675077973,0.3067817775602816,0.316601740870185,0.29755265535054376
400,0.0,heldout,nan,nan,nan,nan,0,20,nan,nan,nan,nan,nan,nan,nan,nan
400,0.3,aggregate,0.2725,0.48,0.5575,0.6575,9,20,0.058499999999999996,0.4176265001296997,0.3176189203547602,0.19054981187765602,0.06836784876738236,0.3176189203547602,0.32776408981920857,0.30808293492794697
400,0.3,heldout,nan,nan,nan,nan,0,20,nan,nan,nan,nan,nan,nan,nan,nan
400,0.5,aggregate,0.23,0.4075,0.505,0.6,8,20,0.06,0.5298154354095459,0.3238212112706633,0.19787281205785398,0.0717634634603784,0.3238212112706633,0.3339033046304577,0.31433012326812826
400,0.5,heldout,nan,nan,nan,nan,0,20,nan,nan,nan,nan,nan,nan,nan,nan
400,0.7,aggregate,0.1475,0.3275,0.3925,0.5025,7,20,0.0825,0.6160073280334473,0.33267374134559347,0.20894705051210513,0.08313627859527845,0.3326737413455934,0.34308372424320466,0.32287688248238205
400,0.7,heldout,nan,nan,nan,nan,0,20,nan,nan,nan,nan,nan,nan,nan,nan
400,0.9,aggregate,0.07,0.1725,0.23,0.3025,7,20,0.092,0.6896364092826843,0.35836197160513933,0.24188925443545517,0.09907402958181967,0.3583619716051393,0.36909959718568014,0.3482314303027965
400,0.9,heldout,nan,nan,nan,nan,0,20,nan,nan,nan,nan,nan,nan,nan,nan
