experiment,image_encoder,audio_encoder,K,alpha,scope,R@1,R@5,R@10,R@20,routes_correct,routes_total,knn_overlap,pearson_r,nmi,ami,ari,v_measure,homogeneity,completeness
a,clip-base,—,300,0.5,aggregate,0.74,0.905,0.94,0.9575,7,10,0.15200000000000002,0.6276618242263794,0.3539123790558441,0.31914009426233775,0.22043204523316925,0.3539123790558441,0.3539352624272532,0.35388949864325203
a,clip-base,—,300,0.5,heldout,0.42,0.73,0.81,0.86,9,10,0.10600000000000001,0.6221083402633667,0.44220591813645255,0.3033883829336406,0.198480491609487,0.4422059181364525,0.43384311633050704,0.4508974611398547
a,clip-large,—,300,0.5,aggregate,0.83,0.915,0.945,0.965,8,10,0.147,0.5870242714881897,0.30020292727894277,0.2624529780285595,0.15623445856524704,0.30020292727894277,0.30234926748638113,0.29808684548029357
a,clip-large,—,300,0.5,heldout,0.5,0.69,0.78,0.86,7,10,0.086,0.6173869967460632,0.4064364369780622,0.2586921409939585,0.1581066519446925,0.4064364369780622,0.4072436298764365,0.4056324376052922
a,dinov2-base,—,300,0.5,aggregate,0.795,0.8675,0.895,0.9325,9,10,0.15100000000000002,0.5690942406654358,0.3144336708822786,0.2773237265792817,0.13405748763897685,0.31443367088227864,0.31547813262242697,0.31339610217502
a,dinov2-base,—,300,0.5,heldout,0.23,0.48,0.59,0.73,9,10,0.052000000000000005,0.423495352268219,0.32318840442424795,0.151099384726892,0.0912265507952159,0.323188404424248,0.32189887431374864,0.32448830783132115
a,dinov2-large,—,300,0.5,aggregate,0.825,0.8825,0.915,0.945,10,10,0.17300000000000001,0.5616315603256226,0.3487279406054825,0.3141571709822499,0.1866540286217618,0.3487279406054825,0.3456558152186378,0.3518551646714098
a,dinov2-large,—,300,0.5,heldout,0.34,0.54,0.66,0.78,4,10,0.06,0.5461316704750061,0.3496660724859978,0.17862175966771365,0.1947099303693276,0.3496660724859978,0.3467352725452163,0.3526468402950144
a,dinov2-small,—,300,0.5,aggregate,0.7725,0.865,0.905,0.93,9,10,0.145,0.5817029476165771,0.34933486259211843,0.31469514156650485,0.1758155039390656,0.34933486259211843,0.34609071882255743,0.35264040098868393
a,dinov2-small,—,300,0.5,heldout,0.24,0.46,0.62,0.72,7,10,0.07,0.5456169247627258,0.35003756840955663,0.1852571969124953,0.10335416265464277,0.35003756840955663,0.34567040369474394,0.3545164937258995
a,vit-mae-base,—,300,0.5,aggregate,0.2525,0.4425,0.53,0.6225,8,10,0.0755,0.48149773478507996,0.18459116611717266,0.14177501780211338,0.07785704539875202,0.18459116611717263,0.18480974627365948,0.18437310239279897
a,vit-mae-base,—,300,0.5,heldout,0.02,0.11,0.16,0.28,5,10,0.046,0.3752714991569519,0.3103238946776226,0.13469317253383223,0.05379816073732461,0.3103238946776226,0.30849582023634586,0.31217376375631184
b,—,clap-fused,300,0.5,aggregate,0.295,0.51,0.6275,0.72,11,20,0.105,0.5744014382362366,0.41468865226122487,0.29475948075786623,0.13704581358609794,0.41468865226122487,0.41018120781009176,0.4192962612155382
b,—,clap-fused,300,0.5,heldout,0.04,0.17,0.35,0.45,11,20,0.07,0.5256679058074951,0.5370244185448574,0.19727520162494927,0.11248772913632368,0.5370244185448574,0.5227046531724341,0.5521508785505874
b,—,clap-larger,300,0.5,aggregate,0.4075,0.655,0.7475,0.8275,11,20,0.107,0.5350586175918579,0.3866836942238638,0.26293531139571724,0.11567604076674139,0.3866836942238639,0.3851318850419508,0.38824805938502926
b,—,clap-larger,300,0.5,heldout,0.09,0.31,0.47,0.64,10,20,0.07,0.6042425036430359,0.5722055503771073,0.20895213236314736,0.14490853545410692,0.5722055503771072,0.5749434446731472,0.5694936083307615
b,—,clap-unfused,300,0.5,aggregate,0.3275,0.515,0.635,0.7275,14,20,0.1105,0.5963510870933533,0.44589040352244724,0.33191238258706307,0.16284967988025126,0.44589040352244724,0.4410981798445201,0.4507878992346187
b,—,clap-unfused,300,0.5,heldout,0.08,0.19,0.34,0.49,7,20,0.07600000000000001,0.5704059600830078,0.5619827435490714,0.1994123981522817,0.1122307197780548,0.5619827435490714,0.5534018633467706,0.5708339198938638
b,—,mert-330m,300,0.5,aggregate,0.0875,0.22,0.2925,0.39,8,20,0.10899999999999999,0.5928901433944702,0.39193096966450314,0.2685626983579587,0.12098455335482868,0.39193096966450314,0.3876806879792935,0.39627547911103317
b,—,mert-330m,300,0.5,heldout,0.01,0.05,0.08,0.2,3,20,0.062,0.4961691200733185,0.5076181967587657,0.18009385766992694,0.07926817844841198,0.5076181967587657,0.4782911812372396,0.5407765819310466
b,—,mert-95m,300,0.5,aggregate,0.18,0.3275,0.43,0.515,9,20,0.0765,0.5658867955207825,0.32446038430490187,0.20091227830164476,0.08112905550194595,0.32446038430490187,0.3332130399199154,0.31615577936465084
b,—,mert-95m,300,0.5,heldout,0.02,0.08,0.2,0.24,3,20,0.06,0.511527419090271,0.5107653357818047,0.13711211642776067,0.06950092501936045,0.5107653357818046,0.50514989276926,0.5165070291470227
c-direct,clip-base,clap-fused,300,0.5,aggregate,0.6425,0.755,0.8,0.8325,10,15,0.064,0.3667047321796417,0.31189810742354224,0.23466893334854033,0.10197417814805775,0.31189810742354224,0.32377639438475675,0.3008605279451918
c-direct,clip-base,clap-fused,300,0.5,heldout,0.08,0.17,0.28,0.38,5,15,0.027999999999999997,0.27498671412467957,0.42826616186667144,0.12417817542336859,0.07005889270303595,0.42826616186667144,0.43045942586155983,0.42609513467772026
d,clip-base,clap-fused,0,0.7,aggregate,0.07,0.1725,0.2475,0.3525,9,15,0.0325,0.41919800639152527,0.2210588752791033,0.13359493195587818,0.05841848120745965,0.2210588752791033,0.22887372617948507,0.21376007712067194
d,clip-base,clap-fused,0,0.7,heldout_like_c,0.21739130434782608,0.2608695652173913,0.30434782608695654,0.34782608695652173,5,15,0.008695652173913044,0.1774476021528244,0.7451159714939897,-0.056711155778824414,-0.047705814146099056,0.7451159714939898,0.7077484155871024,0.7866493212605656
unsup,clip-base,clap-fused,0,1.0,aggregate,0.01,0.0425,0.07,0.0975,3,15,0.09899999999999999,0.6557573676109314,0.3718542898461808,0.30200745109522087,0.17299185622226892,0.3718542898461808,0.3798041860377277,0.36423037784076046
unsup,clip-base,clap-fused,0,1.0,heldout_like_c,0.0,0.0,0.0,0.0,2,15,0.043478260869565216,0.5473647117614746,0.5884276801113618,-0.09385630872219218,-0.06069996354356544,0.5884276801113619,0.4968766471498145,0.7213360383587136
text,clip-base,clap-fused,0,nan,aggregate,0.0625,0.1675,0.2325,0.32,4,15,0.034,0.3169291913509369,0.2904306744098206,0.21174090977296633,0.11361490682887325,0.2904306744098206,0.2927666018869902,0.28813172768771506
text,clip-base,clap-fused,0,nan,heldout_like_c,0.0,0.08695652173913043,0.13043478260869565,0.21739130434782608,1,15,0.026086956521739136,0.4564850628376007,0.7084914517167762,0.07198081592366404,0.044503419414106356,0.7084914517167761,0.6287378642981414,0.8114174139156012
c-direct,clip-base,clap-larger,300,0.5,aggregate,0.6725,0.7825,0.81,0.855,11,15,0.0765,0.3501739799976349,0.28667185623241465,0.2065604681275666,0.09090371492803521,0.2866718562324146,0.2952393934552999,0.27858753836138334
c-direct,clip-base,clap-larger,300,0.5,heldout,0.08,0.25,0.31,0.45,3,15,0.044000000000000004,0.29977864027023315,0.43486607009491973,0.14453662213164753,0.08922758417814435,0.43486607009491973,0.4308525227754186,0.4389550958173417
d,clip-base,clap-larger,0,0.7,aggregate,0.0625,0.1725,0.23,0.3525,8,15,0.0395,0.4099447429180145,0.22194470587354076,0.13451937947491632,0.06220716898082087,0.2219447058735408,0.22848763219164026,0.21576607162942119
d,clip-base,clap-larger,0,0.7,heldout_like_c,0.05,0.15,0.15,0.3,7,15,0.01,0.2233128398656845,0.8336972773037123,0.1995942745763265,0.14595452141723955,0.8336972773037122,0.7916432745485871,0.8804699685840793
unsup,clip-base,clap-larger,0,1.0,aggregate,0.015,0.035,0.0675,0.1225,2,15,0.099,0.6810665130615234,0.3934808930002444,0.32599838234347844,0.18650471420940398,0.3934808930002444,0.39975018617492686,0.38740520648193755
unsup,clip-base,clap-larger,0,1.0,heldout_like_c,0.0,0.0,0.05,0.2,3,15,0.16,0.6053490042686462,0.785948439079963,0.2324850944964134,0.1553923463471202,0.7859484390799629,0.6995572267056774,0.8966836020355188
text,clip-base,clap-larger,0,nan,aggregate,0.0625,0.1675,0.2325,0.32,4,15,0.024000000000000004,0.3074186444282532,0.289125914353456,0.20865169308225806,0.09211952066308454,0.289125914353456,0.2879037326043138,0.29035851692126263
text,clip-base,clap-larger,0,nan,heldout_like_c,0.05,0.1,0.15,0.35,6,15,0.01,0.4455699622631073,0.8634735441331755,0.4771626384122192,0.468,0.8634735441331755,0.7801606108527532,0.9667077459352039
c-direct,clip-base,clap-unfused,300,0.5,aggregate,0.53,0.7,0.7325,0.8,10,15,0.079,0.3902876377105713,0.31681695055268566,0.24005188078857023,0.10799594284980753,0.3168169505526857,0.3276287495620275,0.306695937551769
c-direct,clip-base,clap-unfused,300,0.5,heldout,0.05,0.17,0.2,0.36,3,15,0.036000000000000004,0.3277028799057007,0.4058090351772651,0.08924403383899959,0.06457566911178315,0.4058090351772651,0.40863606076502645,0.4030208566887402
d,clip-base,clap-unfused,0,0.7,aggregate,0.0625,0.175,0.26,0.3575,9,15,0.0325,0.4115369915962219,0.23911829120443182,0.15356359734987046,0.06909916329869455,0.2391182912044318,0.24721439942408802,0.23153565161487089
d,clip-base,clap-unfused,0,0.7,heldout_like_c,0.08695652173913043,0.08695652173913043,0.21739130434782608,0.391304347826087,5,15,0.0,0.1901141107082367,0.7321956652833894,0.10358013960634734,0.0827178729689808,0.7321956652833893,0.6619225963686536,0.8191620770828782
unsup,clip-base,clap-unfused,0,1.0,aggregate,0.0025,0.02,0.05,0.0925,2,15,0.09450000000000001,0.6867650747299194,0.3962441089427063,0.3286796273446674,0.22020228496233787,0.39624410894270634,0.40207350312480916,0.39058133204503415
unsup,clip-base,clap-unfused,0,1.0,heldout_like_c,0.0,0.0,0.08695652173913043,0.17391304347826086,1,15,0.06956521739130435,0.40401795506477356,0.7442091703309431,0.10706171329206744,0.0827178729689808,0.7442091703309432,0.6792192654708583,0.8229518783117484
text,clip-base,clap-unfused,0,nan,aggregate,0.0625,0.1675,0.2325,0.32,3,15,0.023000000000000003,0.3356451988220215,0.28300829994133475,0.2009139694733155,0.10571776667463258,0.2830082999413348,0.28238456512650384,0.2836347962835135
text,clip-base,clap-unfused,0,nan,heldout_like_c,0.043478260869565216,0.08695652173913043,0.17391304347826086,0.21739130434782608,4,15,0.034782608695652174,0.2555527985095978,0.7569685775599202,0.11112585456431141,0.0827178729689808,0.7569685775599201,0.6979559767911448,0.8268819472549638
c-direct,clip-base,mert-330m,300,0.5,aggregate,0.23,0.355,0.415,0.4925,8,15,0.0635,0.5522300601005554,0.31286379317521823,0.23574646728591425,0.13410795363387593,0.3128637931752182,0.3225510372575482,0.30374146110442507
c-direct,clip-base,mert-330m,300,0.5,heldout,0.03,0.06,0.12,0.19,3,15,0.07,0.4157578945159912,0.4958157106410996,0.23475401551424133,0.15668696331717663,0.49581571064109964,0.4947578797396786,0.4968780746845312
d,clip-base,mert-330m,0,0.7,aggregate,0.055,0.15,0.2175,0.3325,7,15,0.020500000000000004,0.4648492634296417,0.20127418907815972,0.11176652941140693,0.04532492200505019,0.20127418907815975,0.2074274425964956,0.19547548566242826
d,clip-base,mert-330m,0,0.7,heldout_like_c,0.0,0.15,0.35,0.5,2,15,0.030000000000000006,0.09638411551713943,0.7336177826048839,-0.062079036085180374,-0.04896783485357657,0.7336177826048838,0.6616226593257056,0.8231945059929655
unsup,clip-base,mert-330m,0,1.0,aggregate,0.0025,0.02,0.035,0.07,2,15,0.10100000000000002,0.7887922525405884,0.3892292764037584,0.3209854904122526,0.19115106521219893,0.3892292764037584,0.39137417774511735,0.38710775691099913
unsup,clip-base,mert-330m,0,1.0,heldout_like_c,0.0,0.0,0.05,0.05,1,15,0.07,0.6039016246795654,0.8203983712406583,0.30758543288518164,0.24841772151898733,0.8203983712406583,0.7322452607074682,0.932681478994197
text,clip-base,mert-330m,0,nan,aggregate,0.0625,0.1675,0.2325,0.32,4,15,0.011500000000000002,0.32479405403137207,0.19046636844378936,0.10329954289011141,0.0627439208951981,0.1904663684437894,0.18405768426538038,0.19733743893316533
text,clip-base,mert-330m,0,nan,heldout_like_c,0.0,0.1,0.25,0.3,5,15,0.01,0.16948774456977844,0.7182751889587147,0.03267430476330539,0.022943037974683545,0.7182751889587146,0.6252226361481283,0.8438691335373719
c-direct,clip-base,mert-95m,300,0.5,aggregate,0.4425,0.545,0.595,0.665,9,15,0.05550000000000001,0.5376251339912415,0.2311097126905191,0.1456152308291766,0.06887238690198214,0.2311097126905191,0.2356980074679755,0.22669664595368014
c-direct,clip-base,mert-95m,300,0.5,heldout,0.05,0.08,0.12,0.18,5,15,0.038000000000000006,0.4599025845527649,0.38183145350880715,0.10314466297719989,0.06292103366935858,0.38183145350880715,0.3630164876935005,0.40270337094187236
d,clip-base,mert-95m,0,0.7,aggregate,0.0525,0.1325,0.2225,0.3175,5,15,0.020500000000000004,0.5099044442176819,0.18587355736792258,0.09575376622369282,0.0341948458160529,0.1858735573679226,0.18951229331631625,0.18237192034519906
d,clip-base,mert-95m,0,0.7,heldout_like_c,0.07692307692307693,0.2692307692307692,0.4230769230769231,0.5384615384615384,3,15,0.015384615384615385,0.4071499705314636,0.6957388405492031,-0.07010550563747218,-0.05686146985041345,0.6957388405492032,0.6775897713267468,0.7148869039574608
unsup,clip-base,mert-95m,0,1.0,aggregate,0.005,0.0125,0.0225,0.05,2,15,0.09549999999999999,0.7933485507965088,0.3462460188288822,0.27297032515532627,0.18352058770736296,0.3462460188288822,0.34580498190368547,0.34668818218069186
unsup,clip-base,mert-95m,0,1.0,heldout_like_c,0.0,0.038461538461538464,0.038461538461538464,0.11538461538461539,1,15,0.05384615384615385,0.6446001529693604,0.6839733240300265,0.1415424602489496,0.09912407140481207,0.6839733240300265,0.6128826745056443,0.7737201376054514
text,clip-base,mert-95m,0,nan,aggregate,0.0625,0.1675,0.2325,0.32,4,15,0.0175,0.2899489402770996,0.21351474282054192,0.1306208323513224,0.0626926223664017,0.21351474282054192,0.2113342255486462,0.21574072575127975
text,clip-base,mert-95m,0,nan,heldout_like_c,0.07692307692307693,0.23076923076923078,0.3076923076923077,0.38461538461538464,3,15,0.06153846153846154,0.27430278062820435,0.7302387377932708,0.260717004729083,0.24195924380063835,0.7302387377932709,0.6587835716432725,0.8190805677646307
c-direct,clip-large,clap-fused,300,0.5,aggregate,0.7025,0.775,0.815,0.8375,9,15,0.05600000000000001,0.29187288880348206,0.24200130927861843,0.15178074776106862,0.06668232929551193,0.24200130927861843,0.24674691987155925,0.23743479601201364
c-direct,clip-large,clap-fused,300,0.5,heldout,0.08,0.19,0.29,0.38,4,15,0.04,0.39809247851371765,0.39021751963784646,0.09774886564797289,0.045299095711568524,0.39021751963784646,0.39717774082865753,0.3834970417207578
d,clip-large,clap-fused,0,0.7,aggregate,0.05,0.16,0.2375,0.335,5,15,0.0385,0.42832693457603455,0.21096262429725843,0.11709330723595131,0.043977843569501116,0.21096262429725843,0.21472490169247385,0.20732991726180192
d,clip-large,clap-fused,0,0.7,heldout_like_c,0.08695652173913043,0.17391304347826086,0.34782608695652173,0.391304347826087,3,15,0.034782608695652174,0.37527525424957275,0.7672644614901728,0.25237912765004034,0.19010096035459245,0.7672644614901729,0.690809860764974,0.8627481366036046
unsup,clip-large,clap-fused,0,1.0,aggregate,0.01,0.0275,0.045,0.0825,6,15,0.085,0.6492103934288025,0.35166436640184423,0.2744415933493562,0.154912719857222,0.35166436640184423,0.3529384188918537,0.35039947908741975
unsup,clip-large,clap-fused,0,1.0,heldout_like_c,0.043478260869565216,0.08695652173913043,0.08695652173913043,0.08695652173913043,2,15,0.08695652173913043,0.35271430015563965,0.7571742708632717,0.028862697118394443,0.021713265913146935,0.7571742708632717,0.7184338077716989,0.8003309121984489
text,clip-large,clap-fused,0,nan,aggregate,0.0625,0.1675,0.2325,0.32,2,15,0.0435,0.29838818311691284,0.25250361845705455,0.16503586505814305,0.08256351155908788,0.2525036184570545,0.2501848122752574,0.25486580987100577
text,clip-large,clap-fused,0,nan,heldout_like_c,0.13043478260869565,0.17391304347826086,0.21739130434782608,0.34782608695652173,4,15,0.043478260869565216,0.21857678890228271,0.8363089413424362,0.3329622691107063,0.2722914669223394,0.8363089413424363,0.7976500640817853,0.8789059639122928
c-direct,clip-large,clap-larger,300,0.5,aggregate,0.74,0.81,0.8375,0.8775,10,15,0.060500000000000005,0.314576119184494,0.24429532110578372,0.15441476204937946,0.06649866027346858,0.24429532110578375,0.24703085107918094,0.24161971212098252
c-direct,clip-large,clap-larger,300,0.5,heldout,0.16,0.29,0.39,0.53,6,15,0.06,0.33406364917755127,0.39907088918164235,0.12593010408344493,0.07202855854963207,0.3990708891816424,0.3947202327543667,0.40351852146203804
d,clip-large,clap-larger,0,0.7,aggregate,0.07,0.155,0.24,0.35,8,15,0.035500000000000004,0.4012644588947296,0.17812333352178744,0.08009107411797643,0.03285235707220138,0.1781233335217874,0.1800245180884942,0.17626188498692147
d,clip-large,clap-larger,0,0.7,heldout_like_c,0.12903225806451613,0.22580645161290322,0.2903225806451613,0.3870967741935484,4,15,0.0064516129032258064,0.2622484564781189,0.637396312772816,0.02727152046901037,0.01380239017000505,0.637396312772816,0.622444673871386,0.6530839321479969
unsup,clip-large,clap-larger,0,1.0,aggregate,0.0075,0.0225,0.0575,0.105,4,15,0.10400000000000001,0.6799560189247131,0.38767047355581336,0.31534079882727606,0.18535242065544738,0.38767047355581336,0.3876487658219679,0.3876921837209943
unsup,clip-large,clap-larger,0,1.0,heldout_like_c,0.0,0.03225806451612903,0.0967741935483871,0.16129032258064516,1,15,0.08387096774193549,0.48754724860191345,0.729981338253208,0.28316209097790646,0.24732923276141147,0.729981338253208,0.7090890042846533,0.7521421747806408
text,clip-large,clap-larger,0,nan,aggregate,0.0625,0.1675,0.2325,0.32,2,15,0.026000000000000006,0.29019954800605774,0.24603952828771486,0.15603487460402765,0.081777493568911,0.24603952828771491,0.24086350769522194,0.251442893908179
text,clip-large,clap-larger,0,nan,heldout_like_c,0.0967741935483871,0.22580645161290322,0.2903225806451613,0.3870967741935484,8,15,0.025806451612903226,0.38273924589157104,0.7414699571318814,0.2675305951008375,0.18986666666666666,0.7414699571318814,0.7374477991247554,0.7455362307360831
c-direct,clip-large,clap-unfused,300,0.5,aggregate,0.6175,0.745,0.79,0.825,13,15,0.066,0.3057387173175812,0.24750443095535732,0.15788182655285243,0.06886062101410506,0.2475044309553573,0.2515809700606133,0.24355789523729612
c-direct,clip-large,clap-unfused,300,0.5,heldout,0.06,0.21,0.32,0.37,5,15,0.032,0.34615978598594666,0.39646003282783243,0.1192886076866308,0.07531775671248293,0.39646003282783243,0.39819967644644727,0.39473552330465633
d,clip-large,clap-unfused,0,0.7,aggregate,0.0575,0.1675,0.225,0.3325,7,15,0.04,0.42670607566833496,0.22390042616947534,0.13152884220606328,0.053954883336921104,0.2239004261694753,0.22780632517533597,0.22012620814935374
d,clip-large,clap-unfused,0,0.7,heldout_like_c,0.13333333333333333,0.2,0.26666666666666666,0.43333333333333335,7,15,0.03333333333333333,0.37443581223487854,0.7359608524834746,0.29501842991222754,0.18872651356993736,0.7359608524834745,0.7600599538128111,0.7133429983094779
unsup,clip-large,clap-unfused,0,1.0,aggregate,0.0,0.0075,0.02,0.065,3,15,0.1,0.6721245646476746,0.3737089662972356,0.2988125466335536,0.15772414143806887,0.37370896629723566,0.37236514967225637,0.3750625173658208
unsup,clip-large,clap-unfused,0,1.0,heldout_like_c,0.0,0.03333333333333333,0.06666666666666667,0.1,2,15,0.060000000000000005,0.564187228679657,0.7154148348485944,0.29082918339541,0.1736709256030602,0.7154148348485942,0.7157041303759982,0.7151257730995999
text,clip-large,clap-unfused,0,nan,aggregate,0.0625,0.1675,0.2325,0.32,2,15,0.025500000000000002,0.3150421977043152,0.25784025710385416,0.1681126152666673,0.08192784244562584,0.25784025710385416,0.2529199586554781,0.26295579240699746
text,clip-large,clap-unfused,0,nan,heldout_like_c,0.1,0.23333333333333334,0.3,0.3333333333333333,5,15,0.013333333333333334,0.34686052799224854,0.6831085595068951,0.20866563068051666,0.14584285983269227,0.6831085595068952,0.6877067606055727,0.6785714397365727
c-direct,clip-large,mert-330m,300,0.5,aggregate,0.265,0.3725,0.4475,0.535,7,15,0.06849999999999999,0.5080338716506958,0.2860065292583852,0.20120499013990967,0.09888937540259779,0.2860065292583852,0.2905036140769846,0.2816465544326867
c-direct,clip-large,mert-330m,300,0.5,heldout,0.02,0.03,0.09,0.16,6,15,0.054000000000000006,0.48726895451545715,0.39832731967501794,0.1153770415638391,0.06244715839760649,0.3983273196750179,0.4021887084174957,0.3945393717376271
d,clip-large,mert-330m,0,0.7,aggregate,0.055,0.1375,0.22,0.31,3,15,0.020499999999999997,0.4889619052410126,0.16379721180807094,0.06424695400632788,0.02597106486801602,0.1637972118080709,0.16562412457111667,0.16201016276037644
d,clip-large,mert-330m,0,0.7,heldout_like_c,0.13043478260869565,0.13043478260869565,0.391304347826087,0.43478260869565216,3,15,0.017391304347826087,0.41042783856391907,0.778629945209199,0.12292529701474207,0.09508196721311475,0.778629945209199,0.7412347235460356,0.8199988074523418
unsup,clip-large,mert-330m,0,1.0,aggregate,0.005,0.01,0.0225,0.035,3,15,0.0955,0.7791025638580322,0.385443256913684,0.3151175928120783,0.16133237124698274,0.3854432569136839,0.37604070602287315,0.39532807055874863
unsup,clip-large,mert-330m,0,1.0,heldout_like_c,0.0,0.0,0.0,0.0,0,15,0.0782608695652174,0.7549400329589844,0.6997060916269672,0.10203894674582804,0.04757709251101322,0.6997060916269673,0.6131628561392707,0.8146938867739187
text,clip-large,mert-330m,0,nan,aggregate,0.0625,0.1675,0.2325,0.32,3,15,0.021500000000000005,0.294872522354126,0.19725904529539406,0.10657701537723366,0.059969378986824064,0.1972590452953941,0.18750261904614088,0.20808652518196358
text,clip-large,mert-330m,0,nan,heldout_like_c,0.08695652173913043,0.21739130434782608,0.30434782608695654,0.391304347826087,2,15,0.008695652173913044,-0.07672423124313354,0.6953901454203638,0.08466242481605381,0.084070796460177,0.6953901454203638,0.6150781670345233,0.7998248675740796
c-direct,clip-large,mert-95m,300,0.5,aggregate,0.515,0.635,0.685,0.7425,11,15,0.054000000000000006,0.5234835147857666,0.21482882815626173,0.12283745962213846,0.06368813477217121,0.21482882815626173,0.2160734087540216,0.21359850299008337
c-direct,clip-large,mert-95m,300,0.5,heldout,0.01,0.07,0.13,0.29,7,15,0.03000000000000001,0.6338910460472107,0.39646440491549356,0.10368405623809988,0.04417409232990594,0.39646440491549356,0.40439721404138274,0.3888368341040226
d,clip-large,mert-95m,0,0.7,aggregate,0.045,0.145,0.225,0.335,5,15,0.02,0.5359627604484558,0.1699406723507158,0.07365192751956175,0.023640175755880097,0.16994067235071578,0.16979763909083675,0.17008394678899763
d,clip-large,mert-95m,0,0.7,heldout_like_c,0.06451612903225806,0.1935483870967742,0.3225806451612903,0.3870967741935484,3,15,0.0064516129032258064,0.5997019410133362,0.6846583683109314,0.16310286996844606,0.1055234954657873,0.6846583683109315,0.7005749356008891,0.6694489611569241
unsup,clip-large,mert-95m,0,1.0,aggregate,0.005,0.0125,0.02,0.045,1,15,0.085,0.7799853086471558,0.29861066502514694,0.21569921727620003,0.12113431257788015,0.298610665025147,0.2923095399884234,0.3051894334783073
unsup,clip-large,mert-95m,0,1.0,heldout_like_c,0.0,0.0,0.0,0.03225806451612903,0,15,0.03225806451612903,0.8208731412887573,0.6424045422885526,0.1948635472659986,0.21727574750830564,0.6424045422885527,0.6095986430524424,0.678942204922271
text,clip-large,mert-95m,0,nan,aggregate,0.0625,0.1675,0.2325,0.32,7,15,0.025500000000000002,0.28563636541366577,0.21415067807869292,0.12692260585378057,0.06384396902851813,0.21415067807869295,0.208407212896212,0.22021968142647977
text,clip-large,mert-95m,0,nan,heldout_like_c,0.06451612903225806,0.3225806451612903,0.3870967741935484,0.5161290322580645,3,15,0.03870967741935484,0.1352594941854477,0.6371859880367348,0.10313393165102144,0.09443777511004402,0.6371859880367348,0.6360700496026197,0.6383058490175877
c-direct,dinov2-base,clap-fused,300,0.5,aggregate,0.7325,0.7775,0.8,0.8275,8,15,0.05550000000000001,0.30063772201538086,0.24081564936794675,0.1497100090921501,0.06736995893875493,0.24081564936794672,0.24282279979517232,0.23884140874472065
c-direct,dinov2-base,clap-fused,300,0.5,heldout,0.04,0.11,0.2,0.31,4,15,0.01,0.24632233381271362,0.35652004053681974,0.015768223164307076,0.007370556814215829,0.35652004053681974,0.35571365789363124,0.35733008753412304
d,dinov2-base,clap-fused,0,0.7,aggregate,0.05,0.15,0.235,0.355,6,15,0.0425,0.3893112540245056,0.2766598016447651,0.18973364134194662,0.08311878401596756,0.2766598016447652,0.27864926220775504,0.2746985478330933
d,dinov2-base,clap-fused,0,0.7,heldout_like_c,0.14285714285714285,0.17142857142857143,0.2571428571428571,0.2857142857142857,7,15,0.011428571428571429,0.18502277135849,0.6604571393850209,0.16310037503949565,0.09590956056646205,0.6604571393850209,0.6176100458296913,0.7096925132526936
unsup,dinov2-base,clap-fused,0,1.0,aggregate,0.0125,0.03,0.065,0.1175,4,15,0.0885,0.6358662247657776,0.3638289103326079,0.2871031475323647,0.12513851339271628,0.3638289103326079,0.3644493172577954,0.36321061207175115
unsup,dinov2-base,clap-fused,0,1.0,heldout_like_c,0.05714285714285714,0.05714285714285714,0.14285714285714285,0.2,3,15,0.04,0.08557164669036865,0.5281375777037948,-0.06948271185282028,-0.04024476347375853,0.5281375777037949,0.47663022286097045,0.5921260658964788
text,dinov2-base,clap-fused,0,nan,aggregate,0.0625,0.1675,0.2325,0.32,5,15,0.0345,0.29495716094970703,0.2664643294305458,0.17985009817647285,0.06718424948882047,0.2664643294305458,0.2610288049039341,0.27213104099647084
text,dinov2-base,clap-fused,0,nan,heldout_like_c,0.08571428571428572,0.14285714285714285,0.17142857142857143,0.22857142857142856,3,15,0.022857142857142857,0.20918013155460358,0.6361300059446185,0.06751357773695306,0.04441030654283919,0.6361300059446184,0.6054287956924206,0.670111254722295
c-direct,dinov2-base,clap-larger,300,0.5,aggregate,0.7375,0.78,0.8025,0.8325,12,15,0.071,0.29593321681022644,0.24125386727640874,0.15019560656388306,0.06102779288805491,0.24125386727640877,0.24207389551672756,0.24043937599069565
c-direct,dinov2-base,clap-larger,300,0.5,heldout,0.06,0.13,0.21,0.33,5,15,0.026000000000000006,0.19731397926807404,0.40466534390178294,0.10974870817997844,0.0625843962225623,0.40466534390178294,0.395900491623956,0.41382707328233226
d,dinov2-base,clap-larger,0,0.7,aggregate,0.065,0.1525,0.2325,0.345,5,15,0.045,0.35414355993270874,0.23988619164865235,0.14848920015580205,0.06654429497550308,0.23988619164865235,0.24029502034330008,0.2394787517220051
d,dinov2-base,clap-larger,0,0.7,heldout_like_c,0.034482758620689655,0.10344827586206896,0.13793103448275862,0.2413793103448276,4,15,0.020689655172413796,0.08641944825649261,0.6670291247716922,-0.026884151097531322,-0.02031413612565445,0.6670291247716922,0.6398400579454442,0.6966314590719116
unsup,dinov2-base,clap-larger,0,1.0,aggregate,0.01,0.03,0.0575,0.0975,2,15,0.094,0.6560856699943542,0.430339449442607,0.36219321333130977,0.2224698165658593,0.43033944944260705,0.42825401428950616,0.4324452945460924
unsup,dinov2-base,clap-larger,0,1.0,heldout_like_c,0.10344827586206896,0.13793103448275862,0.1724137931034483,0.2413793103448276,0,15,0.020689655172413796,0.030178232118487358,0.5925734616419274,-0.007434966738821691,0.011483392688422123,0.5925734616419274,0.5276699796434091,0.6756825051794507
text,dinov2-base,clap-larger,0,nan,aggregate,0.0625,0.1675,0.2325,0.32,4,15,0.023,0.2680774927139282,0.2507827671103102,0.16029271149787452,0.054441071703524434,0.2507827671103102,0.24276225355327355,0.25935136076353804
text,dinov2-base,clap-larger,0,nan,heldout_like_c,0.034482758620689655,0.13793103448275862,0.1724137931034483,0.2413793103448276,6,15,0.034482758620689655,0.12813659012317657,0.6530641788529882,0.06514478762787519,0.044132582402363583,0.6530641788529882,0.6020939083142506,0.7134623465121548
c-direct,dinov2-base,clap-unfused,300,0.5,aggregate,0.695,0.7625,0.785,0.8225,8,15,0.076,0.32116982340812683,0.23177815959942,0.13940183954783836,0.06432167360332154,0.23177815959942002,0.23298373630094718,0.2305849952079563
c-direct,dinov2-base,clap-unfused,300,0.5,heldout,0.06,0.12,0.18,0.3,2,15,0.042,0.22470422089099884,0.38059531942801306,0.07050618338015138,0.04380732028385173,0.3805953194280131,0.37231301046684767,0.3892545012267962
d,dinov2-base,clap-unfused,0,0.7,aggregate,0.0525,0.1675,0.24,0.345,6,15,0.043500000000000004,0.3935774564743042,0.25742315634025864,0.16809948878071396,0.07352948717902502,0.25742315634025864,0.2587976081919037,0.25606322655445085
d,dinov2-base,clap-unfused,0,0.7,heldout_like_c,0.12903225806451613,0.16129032258064516,0.16129032258064516,0.1935483870967742,2,15,0.012903225806451613,0.08671301603317261,0.6108959696151878,-0.08955958851848626,-0.06374866554826902,0.6108959696151878,0.5757212803826144,0.6506484650271537
unsup,dinov2-base,clap-unfused,0,1.0,aggregate,0.0125,0.0475,0.075,0.125,1,15,0.11,0.6655682325363159,0.41835262515619576,0.3488866754982852,0.1851046176580232,0.41835262515619576,0.41500092759265444,0.4217589025694633
unsup,dinov2-base,clap-unfused,0,1.0,heldout_like_c,0.06451612903225806,0.0967741935483871,0.16129032258064516,0.16129032258064516,1,15,0.0774193548387097,0.1798388957977295,0.6723421839468539,0.1233204101085831,0.10676025120059106,0.6723421839468537,0.6251629386551981,0.7272236575603392
text,dinov2-base,clap-unfused,0,nan,aggregate,0.0625,0.1675,0.2325,0.32,3,15,0.025,0.3116725981235504,0.2614211549134422,0.17095187941138723,0.058561832915869035,0.26142115491344226,0.2535597067283413,0.26978567843927576
text,dinov2-base,clap-unfused,0,nan,heldout_like_c,0.0967741935483871,0.16129032258064516,0.1935483870967742,0.22580645161290322,1,15,0.012903225806451613,0.18137522041797638,0.6272973858301903,0.03376607792053013,0.018861892583120203,0.6272973858301903,0.5748700242778517,0.6902469670841147
c-direct,dinov2-base,mert-330m,300,0.5,aggregate,0.3675,0.4725,0.5225,0.565,9,15,0.0425,0.4926992952823639,0.27156068687250234,0.1842905105791319,0.07115403835931138,0.27156068687250234,0.27105601151327313,0.2720672450331388
c-direct,dinov2-base,mert-330m,300,0.5,heldout,0.0,0.02,0.06,0.08,3,15,0.028000000000000004,0.2969326972961426,0.36939487490108136,0.03282695661833959,0.015619261319304991,0.36939487490108136,0.3702557083102375,0.3685380350307466
d,dinov2-base,mert-330m,0,0.7,aggregate,0.05,0.1475,0.2275,0.345,7,15,0.022500000000000006,0.37467923760414124,0.1876415987341586,0.09030490768375195,0.03585550076072518,0.18764159873415853,0.18767238070297046,0.1876108268613897
d,dinov2-base,mert-330m,0,0.7,heldout_like_c,0.0,0.08,0.12,0.24,1,15,0.0,0.1311085820198059,0.7424882102196256,0.007714801897458426,0.0048250904704463205,0.7424882102196256,0.7122290854036961,0.7754325402133224
unsup,dinov2-base,mert-330m,0,1.0,aggregate,0.0025,0.0075,0.04,0.0825,7,15,0.1285,0.6651207804679871,0.3985021054233459,0.32790819968468843,0.14782983737023456,0.3985021054233459,0.3853945169225635,0.41253268564470363
unsup,dinov2-base,mert-330m,0,1.0,heldout_like_c,0.0,0.0,0.0,0.04,2,15,0.11200000000000002,0.4039221405982971,0.6537788120160385,0.09351925155100543,0.06015037593984962,0.6537788120160384,0.5652724323535472,0.7751456656856297
text,dinov2-base,mert-330m,0,nan,aggregate,0.0625,0.1675,0.2325,0.32,5,15,0.015,0.26153701543807983,0.19224835028686307,0.10013338459323583,0.031135549206415123,0.1922483502868631,0.1807605387225758,0.20529541852234662
text,dinov2-base,mert-330m,0,nan,heldout_like_c,0.0,0.04,0.16,0.28,1,15,0.008,0.17153744399547577,0.7218651310176756,0.12438364016041374,0.07932011331444759,0.7218651310176757,0.6573895058357476,0.8003633870680742
c-direct,dinov2-base,mert-95m,300,0.5,aggregate,0.5325,0.63,0.6625,0.715,5,15,0.04650000000000001,0.4653988480567932,0.19574108239246918,0.09994063932978743,0.031873872262075026,0.19574108239246918,0.1948864030403488,0.19660329120194897
c-direct,dinov2-base,mert-95m,300,0.5,heldout,0.0,0.03,0.06,0.14,2,15,0.034,0.33522841334342957,0.35523371313888713,0.016502317758331296,0.008174554394591272,0.35523371313888713,0.35559381185616706,0.3548743430051813
d,dinov2-base,mert-95m,0,0.7,aggregate,0.04,0.14,0.235,0.3325,5,15,0.022000000000000002,0.39259788393974304,0.18844172804743062,0.09416464262221744,0.03576902669216074,0.1884417280474306,0.18649933501314628,0.19042500700731801
d,dinov2-base,mert-95m,0,0.7,heldout_like_c,0.09090909090909091,0.22727272727272727,0.3181818181818182,0.4090909090909091,4,15,0.03636363636363637,0.2518201470375061,0.7925848268179427,0.05001831500159054,0.0392156862745098,0.7925848268179428,0.7754876834154454,0.8104528456391145
unsup,dinov2-base,mert-95m,0,1.0,aggregate,0.0,0.015,0.0225,0.0425,1,15,0.11,0.6562589406967163,0.34542915004686936,0.26646044024526727,0.10311663253084145,0.3454291500468694,0.3239961716132632,0.36989866811841277
unsup,dinov2-base,mert-95m,0,1.0,heldout_like_c,0.0,0.09090909090909091,0.13636363636363635,0.13636363636363635,1,15,0.045454545454545456,0.38963669538497925,0.6563440963514527,-0.03760006341228781,-0.026221692491060787,0.6563440963514529,0.5770710643849203,0.7608651734604586
text,dinov2-base,mert-95m,0,nan,aggregate,0.0625,0.1675,0.2325,0.32,6,15,0.018000000000000002,0.26707786321640015,0.1980060601120586,0.10826735376086072,0.03672296764250396,0.1980060601120586,0.19055466226071782,0.20606392808962093
text,dinov2-base,mert-95m,0,nan,heldout_like_c,0.045454545454545456,0.18181818181818182,0.2727272727272727,0.2727272727272727,2,15,0.018181818181818184,0.20287451148033142,0.7815617492594169,0.22993915895067688,0.20949263502454993,0.7815617492594169,0.7202930793319485,0.8542225614538861
c-direct,dinov2-large,clap-fused,300,0.5,aggregate,0.75,0.78,0.805,0.825,14,15,0.0645,0.3122045695781708,0.2613621203019072,0.1723461728392986,0.07864318020060043,0.26136212030190714,0.2675638073814462,0.25544141036090967
c-direct,dinov2-large,clap-fused,300,0.5,heldout,0.03,0.12,0.22,0.3,2,15,0.030000000000000006,0.399175226688385,0.37067290922604473,0.0693839504243089,0.028868776199927962,0.3706729092260448,0.3736560244890361,0.36773704862000783
d,dinov2-large,clap-fused,0,0.7,aggregate,0.05,0.16,0.2375,0.355,6,15,0.036000000000000004,0.3813641667366028,0.2694662520570099,0.1814048641977828,0.07897465071205154,0.2694662520570099,0.275214362493289,0.2639533386792074
d,dinov2-large,clap-fused,0,0.7,heldout_like_c,0.2,0.26666666666666666,0.3,0.36666666666666664,5,15,0.020000000000000004,0.2702312171459198,0.6987316432084154,0.071547238880694,0.04580152671755725,0.6987316432084154,0.6959905394773056,0.7014944235519458
unsup,dinov2-large,clap-fused,0,1.0,aggregate,0.0125,0.04,0.075,0.125,5,15,0.0875,0.6213627457618713,0.35789417054560063,0.2803739637412574,0.11862831825814271,0.3578941705456006,0.36314693391928654,0.3527911984082414
unsup,dinov2-large,clap-fused,0,1.0,heldout_like_c,0.0,0.0,0.06666666666666667,0.16666666666666666,2,15,0.02666666666666667,0.3850244879722595,0.7111513428823104,0.19421588923359578,0.1812227074235808,0.7111513428823103,0.6847985260273596,0.7396135848470806
text,dinov2-large,clap-fused,0,nan,aggregate,0.0625,0.1675,0.2325,0.32,5,15,0.039,0.2793926000595093,0.2792090771797884,0.19402321403967412,0.07604141063525667,0.2792090771797884,0.27749719614523816,0.2809422105183293
text,dinov2-large,clap-fused,0,nan,heldout_like_c,0.13333333333333333,0.2,0.23333333333333334,0.3,5,15,0.04,0.27495822310447693,0.6760731284274397,0.0688347067324862,0.0625,0.6760731284274398,0.6583570887727507,0.6947689930917145
c-direct,dinov2-large,clap-larger,300,0.5,aggregate,0.7725,0.8,0.82,0.84,13,15,0.07050000000000001,0.30024659633636475,0.25343435119611585,0.1636913212144889,0.07323927615906574,0.25343435119611585,0.257455906223211,0.24953650017592524
c-direct,dinov2-large,clap-larger,300,0.5,heldout,0.11,0.2,0.28,0.36,4,15,0.038000000000000006,0.33123260736465454,0.3921728779441588,0.08174157673706953,0.03954934866799671,0.39217287794415884,0.400882319221901,0.38383382677034794
d,dinov2-large,clap-larger,0,0.7,aggregate,0.0625,0.165,0.2375,0.3625,7,15,0.038500000000000006,0.33034592866897583,0.25820252411634115,0.16888663506053198,0.0799222193910642,0.2582025241163412,0.26303532388437134,0.25354410831964297
d,dinov2-large,clap-larger,0,0.7,heldout_like_c,0.0967741935483871,0.1935483870967742,0.1935483870967742,0.3225806451612903,5,15,0.025806451612903226,0.2190677523612976,0.6301539086537812,0.005940669003324694,-0.002958032908116103,0.6301539086537812,0.6182696638841888,0.6425039801708234
unsup,dinov2-large,clap-larger,0,1.0,aggregate,0.005,0.0275,0.04,0.0825,1,15,0.10350000000000001,0.6511945724487305,0.42568699098696483,0.3572248959411099,0.17868953111718072,0.4256869909869648,0.4302992874645323,0.421172522571847
unsup,dinov2-large,clap-larger,0,1.0,heldout_like_c,0.03225806451612903,0.06451612903225806,0.06451612903225806,0.0967741935483871,0,15,0.0064516129032258064,0.3839133083820343,0.6064617923136704,0.062097140206058915,0.034487997569127925,0.6064617923136703,0.5660629365485711,0.6530701937060712
text,dinov2-large,clap-larger,0,nan,aggregate,0.0625,0.1675,0.2325,0.32,3,15,0.0245,0.25355586409568787,0.28335938088312784,0.19699196039774386,0.07055546802380322,0.2833593808831279,0.2782421973966205,0.28866831221769723
text,dinov2-large,clap-larger,0,nan,heldout_like_c,0.06451612903225806,0.16129032258064516,0.1935483870967742,0.2903225806451613,5,15,0.025806451612903226,0.084551602602005,0.6424406585995361,-0.00822765936796987,-0.0075302809647284485,0.642440658599536,0.6446489713430091,0.6402474238192953
c-direct,dinov2-large,clap-unfused,300,0.5,aggregate,0.7425,0.77,0.8025,0.835,13,15,0.077,0.3316037654876709,0.27462649703799996,0.18720085317440777,0.0799253347855613,0.2746264970379999,0.27929757018735535,0.2701090952525687
c-direct,dinov2-large,clap-unfused,300,0.5,heldout,0.07,0.14,0.25,0.35,2,15,0.036000000000000004,0.4314521849155426,0.40295201712808815,0.11156496789859582,0.06457448750465634,0.4029520171280881,0.4054009286882164,0.400532514273015
d,dinov2-large,clap-unfused,0,0.7,aggregate,0.0525,0.165,0.245,0.345,7,15,0.036000000000000004,0.3732109069824219,0.2743649387793158,0.18693496117768924,0.07536568442390185,0.27436493877931584,0.2798248888268477,0.26911398024103594
d,dinov2-large,clap-unfused,0,0.7,heldout_like_c,0.15384615384615385,0.23076923076923078,0.23076923076923078,0.23076923076923078,5,15,0.02307692307692308,0.3558523654937744,0.716170889481159,0.09733738676010574,0.059964726631393295,0.716170889481159,0.6900434636809146,0.7443547270563815
unsup,dinov2-large,clap-unfused,0,1.0,aggregate,0.015,0.0575,0.0875,0.1475,3,15,0.10800000000000001,0.6361814141273499,0.3884778776816107,0.3152130632056117,0.16714100592408468,0.3884778776816107,0.3877238316296822,0.38923486238906024
unsup,dinov2-large,clap-unfused,0,1.0,heldout_like_c,0.038461538461538464,0.038461538461538464,0.038461538461538464,0.11538461538461539,1,15,0.06153846153846154,0.39814046025276184,0.6644966976694224,0.10080177479508345,0.12497195422930223,0.6644966976694224,0.6048888597926242,0.7371366939876166
text,dinov2-large,clap-unfused,0,nan,aggregate,0.0625,0.1675,0.2325,0.32,5,15,0.025500000000000002,0.2981696128845215,0.2704614543284412,0.18136214400253145,0.060882576812986984,0.27046145432844115,0.2661091294852001,0.2749585145230097
text,dinov2-large,clap-unfused,0,nan,heldout_like_c,0.11538461538461539,0.15384615384615385,0.15384615384615385,0.19230769230769232,3,15,0.007692307692307693,0.20863750576972961,0.7439235380765999,0.12137161344949399,0.07861466554287028,0.7439235380766,0.73262076562506,0.7555805306260728
c-direct,dinov2-large,mert-330m,300,0.5,aggregate,0.4225,0.54,0.6075,0.655,6,15,0.054000000000000006,0.4668825566768646,0.29005731103511717,0.20467424714409083,0.08273634029666553,0.29005731103511717,0.2950681633639383,0.2852138055699432
c-direct,dinov2-large,mert-330m,300,0.5,heldout,0.01,0.05,0.06,0.12,6,15,0.038000000000000006,0.5238492488861084,0.4505713861407474,0.16641872295259588,0.10039775244528656,0.4505713861407474,0.46467733604337896,0.4372966173945858
d,dinov2-large,mert-330m,0,0.7,aggregate,0.045,0.1475,0.2225,0.335,4,15,0.0285,0.35601645708084106,0.20010644916050768,0.10404387103201906,0.03430040232135767,0.20010644916050765,0.20324586990433016,0.19706253873697774
d,dinov2-large,mert-330m,0,0.7,heldout_like_c,0.038461538461538464,0.19230769230769232,0.19230769230769232,0.38461538461538464,2,15,0.03076923076923077,0.44017377495765686,0.7623498740503198,0.14300978083548005,0.10017618927762396,0.76234987405032,0.7627554943998008,0.7619446848755012
unsup,dinov2-large,mert-330m,0,1.0,aggregate,0.01,0.0375,0.06,0.095,3,15,0.1275,0.6545253992080688,0.40089260112391767,0.3322864721321607,0.15255529326755912,0.40089260112391767,0.39305979422632414,0.40904393640043096
unsup,dinov2-large,mert-330m,0,1.0,heldout_like_c,0.0,0.0,0.038461538461538464,0.038461538461538464,1,15,0.06153846153846154,0.6563007831573486,0.72725472006381,0.1316757910944956,0.11691268267606668,0.72725472006381,0.7029811151310977,0.7532645895510639
text,dinov2-large,mert-330m,0,nan,aggregate,0.0625,0.1675,0.2325,0.32,3,15,0.017,0.24687886238098145,0.19271991248690504,0.10078902085773774,0.03081181963495376,0.19271991248690507,0.18372792034785004,0.20263736882164862
text,dinov2-large,mert-330m,0,nan,heldout_like_c,0.038461538461538464,0.07692307692307693,0.19230769230769232,0.34615384615384615,3,15,0.007692307692307693,0.2822282910346985,0.6265838445186177,-0.029320386495265364,-0.022899934881701757,0.6265838445186176,0.5746674108156137,0.6888123243255843
c-direct,dinov2-large,mert-95m,300,0.5,aggregate,0.6,0.6475,0.6775,0.715,11,15,0.0375,0.4658312499523163,0.22237658760809964,0.13074539082616046,0.043410262799433,0.22237658760809964,0.22430910256157738,0.220477087040626
c-direct,dinov2-large,mert-95m,300,0.5,heldout,0.02,0.04,0.05,0.09,2,15,0.042,0.6232995986938477,0.3986705577915157,0.09638910964126429,0.056894940124512794,0.3986705577915157,0.4078970011962031,0.3898522777686846
d,dinov2-large,mert-95m,0,0.7,aggregate,0.0475,0.145,0.23,0.335,6,15,0.0175,0.3834623694419861,0.19887185109849043,0.10360307115308123,0.039236257678510356,0.1988718510984904,0.2005559595834146,0.197215790679571
d,dinov2-large,mert-95m,0,0.7,heldout_like_c,0.1111111111111111,0.18518518518518517,0.25925925925925924,0.2962962962962963,3,15,0.0,0.5395963788032532,0.722732801270787,0.16410122387133141,0.11785714285714285,0.7227328012707868,0.6837227732869173,0.7664636364494545
unsup,dinov2-large,mert-95m,0,1.0,aggregate,0.005,0.015,0.0325,0.0525,1,15,0.096,0.6338881254196167,0.32724116133022113,0.2491989104971098,0.10909626485184538,0.32724116133022113,0.3130460378009332,0.34278479358000497
unsup,dinov2-large,mert-95m,0,1.0,heldout_like_c,0.0,0.0,0.0,0.0,0,15,0.06666666666666667,0.6290388107299805,0.7833962597769119,0.3452541631358806,0.3139506474468605,0.7833962597769119,0.7392860481312746,0.8331042228670157
text,dinov2-large,mert-95m,0,nan,aggregate,0.0625,0.1675,0.2325,0.32,6,15,0.024000000000000004,0.25589168071746826,0.20985423654835644,0.12132252596363123,0.033987611885615734,0.20985423654835644,0.204843477873147,0.2151162824262018
text,dinov2-large,mert-95m,0,nan,heldout_like_c,0.07407407407407407,0.14814814814814814,0.2222222222222222,0.2962962962962963,2,15,0.007407407407407408,0.33696430921554565,0.7105011556505328,0.06146058600129754,0.06751765696883302,0.7105011556505328,0.6837227732869172,0.739462620089038
c-direct,dinov2-small,clap-fused,300,0.5,aggregate,0.7025,0.78,0.7875,0.8225,13,15,0.064,0.340829998254776,0.2636986298866711,0.17574016964813177,0.08249067455494274,0.26369862988667114,0.2650632311014518,0.26234800721504187
c-direct,dinov2-small,clap-fused,300,0.5,heldout,0.03,0.15,0.17,0.29,4,15,0.04000000000000001,0.3979858160018921,0.36331722702640745,0.03728769671118266,0.015045973808860406,0.3633172270264074,0.36568058575884427,0.3609842204548024
d,dinov2-small,clap-fused,0,0.7,aggregate,0.05,0.155,0.235,0.355,10,15,0.04050000000000001,0.3972912132740021,0.24644684536924835,0.15640100972376966,0.07109115287478132,0.2464468453692483,0.2473459654214053,0.2455542383714517
d,dinov2-small,clap-fused,0,0.7,heldout_like_c,0.12903225806451613,0.1935483870967742,0.25806451612903225,0.3225806451612903,6,15,0.0064516129032258064,0.3712652027606964,0.6706302239628954,0.08885174468003522,0.054679284963196635,0.6706302239628954,0.6530382580953967,0.6891962367856393
unsup,dinov2-small,clap-fused,0,1.0,aggregate,0.0075,0.035,0.0625,0.125,6,15,0.08850000000000001,0.6281492114067078,0.366750459705584,0.2909961335261595,0.1569378748069776,0.366750459705584,0.3666702811455081,0.3668306733380825
unsup,dinov2-small,clap-fused,0,1.0,heldout_like_c,0.0,0.03225806451612903,0.06451612903225806,0.25806451612903225,5,15,0.025806451612903226,0.37129080295562744,0.6503710339538669,0.0869214533265036,0.0687984496124031,0.6503710339538669,0.6205692673828862,0.683179551199286
text,dinov2-small,clap-fused,0,nan,aggregate,0.0625,0.1675,0.2325,0.32,3,15,0.03950000000000001,0.29200828075408936,0.2610771077184593,0.17416577506185665,0.06794726039157965,0.2610771077184593,0.2551110051697982,0.2673289426200337
text,dinov2-small,clap-fused,0,nan,heldout_like_c,0.03225806451612903,0.0967741935483871,0.16129032258064516,0.22580645161290322,6,15,0.03225806451612903,0.39546459913253784,0.6602369866855977,0.025227967339411867,0.03793103448275862,0.6602369866855977,0.6521502545828559,0.6685267895533153
c-direct,dinov2-small,clap-larger,300,0.5,aggregate,0.725,0.7725,0.7875,0.83,12,15,0.069,0.3141997158527374,0.2598931234108368,0.17164609868095623,0.07648919517968933,0.25989312341083687,0.2597284944062685,0.2600579612480877
c-direct,dinov2-small,clap-larger,300,0.5,heldout,0.04,0.12,0.17,0.32,3,15,0.026000000000000006,0.32189229130744934,0.3692481593853784,0.05973862713701816,0.025625670584125557,0.3692481593853784,0.36835339505494036,0.3701472812305954
d,dinov2-small,clap-larger,0,0.7,aggregate,0.055,0.1525,0.24,0.3525,7,15,0.04050000000000001,0.35679420828819275,0.25062877654697785,0.16104336342389192,0.0782313223249833,0.2506287765469778,0.2508097551181317,0.25044805896747674
d,dinov2-small,clap-larger,0,0.7,heldout_like_c,0.12,0.16,0.24,0.36,5,15,0.008,0.16861632466316223,0.7373944575796908,0.05883789081585032,0.03571428571428571,0.7373944575796909,0.7227028364908864,0.752695797061429
unsup,dinov2-small,clap-larger,0,1.0,aggregate,0.0075,0.0175,0.035,0.0575,1,15,0.10850000000000001,0.6631737947463989,0.404505158023892,0.3335253779540564,0.17275606027768417,0.40450515802389203,0.39847682602384404,0.4107186903101238
unsup,dinov2-small,clap-larger,0,1.0,heldout_like_c,0.0,0.0,0.08,0.12,1,15,0.048,0.37545719742774963,0.7369783788565568,0.2470744824770971,0.18674698795180722,0.7369783788565569,0.678546209718493,0.8064224527951749
text,dinov2-small,clap-larger,0,nan,aggregate,0.0625,0.1675,0.2325,0.32,6,15,0.0315,0.27185073494911194,0.2465045626841432,0.15578043580032508,0.05478166561948651,0.2465045626841432,0.23803075822110423,0.25560396668492036
text,dinov2-small,clap-larger,0,nan,heldout_like_c,0.0,0.16,0.24,0.28,3,15,0.016,0.3087954819202423,0.7569901059078311,0.24182892352324153,0.23963133640552994,0.7569901059078313,0.7132670844960695,0.8064235882340456
c-direct,dinov2-small,clap-unfused,300,0.5,aggregate,0.6425,0.7475,0.77,0.8075,12,15,0.058499999999999996,0.3368125557899475,0.24887439154326377,0.1590386502668955,0.07146289124134662,0.24887439154326382,0.2491919163654072,0.2485576748830256
c-direct,dinov2-small,clap-unfused,300,0.5,heldout,0.01,0.1,0.15,0.25,4,15,0.02,0.35596203804016113,0.3552588331071608,0.03190904351047347,0.008922563118410887,0.35525883310716083,0.35552840437763383,0.35498967031944956
d,dinov2-small,clap-unfused,0,0.7,aggregate,0.05,0.1675,0.2475,0.3525,6,15,0.0415,0.40409770607948303,0.25029014646487074,0.160750772846535,0.07451714454438464,0.25029014646487074,0.2510128795667958,0.24957156329732397
d,dinov2-small,clap-unfused,0,0.7,heldout_like_c,0.07142857142857142,0.14285714285714285,0.21428571428571427,0.2857142857142857,5,15,0.014285714285714287,0.2176653891801834,0.7057685874953485,0.0444825333825553,0.031496062992125984,0.7057685874953485,0.6908293954775631,0.7213681810310191
unsup,dinov2-small,clap-unfused,0,1.0,aggregate,0.005,0.0225,0.04,0.1075,4,15,0.09899999999999999,0.6764442920684814,0.43169014187860955,0.36374841598681806,0.19200986669054856,0.4316901418786096,0.42753035008917795,0.4359316770363137
unsup,dinov2-small,clap-unfused,0,1.0,heldout_like_c,0.0,0.03571428571428571,0.03571428571428571,0.10714285714285714,0,15,0.07142857142857142,0.34326881170272827,0.6518934960463025,0.0848944408586709,0.04424778761061947,0.6518934960463025,0.5938325749643625,0.7225383996232295
text,dinov2-small,clap-unfused,0,nan,aggregate,0.0625,0.1675,0.2325,0.32,5,15,0.0345,0.31327375769615173,0.25103072980611274,0.1595756660732982,0.053872914534158364,0.25103072980611274,0.2428783382566718,0.2597494114390125
text,dinov2-small,clap-unfused,0,nan,heldout_like_c,0.03571428571428571,0.17857142857142858,0.17857142857142858,0.21428571428571427,3,15,0.014285714285714287,0.3307119905948639,0.6925413381829619,0.01870759983341894,0.008988764044943821,0.692541338182962,0.6710241580734868,0.7154841813124554
c-direct,dinov2-small,mert-330m,300,0.5,aggregate,0.2825,0.3975,0.475,0.5425,8,15,0.0495,0.5390321612358093,0.28082399174881534,0.19476590483020073,0.08566890530926892,0.28082399174881534,0.2812169615333674,0.280432118695837
c-direct,dinov2-small,mert-330m,300,0.5,heldout,0.01,0.03,0.06,0.12,3,15,0.064,0.4974616765975952,0.39846379770688667,0.08301410685722758,0.05655739825619001,0.3984637977068867,0.40376681460745834,0.3932982731662091
d,dinov2-small,mert-330m,0,0.7,aggregate,0.055,0.1475,0.225,0.32,5,15,0.026500000000000003,0.3747612535953522,0.18547825570540974,0.08842982005822729,0.03412117119520675,0.18547825570540974,0.18466656453402555,0.18629711386177134
d,dinov2-small,mert-330m,0,0.7,heldout_like_c,0.0,0.08333333333333333,0.20833333333333334,0.2916666666666667,1,15,0.0,0.5100165605545044,0.7514163550784648,0.029433586100591793,0.024204514549904813,0.7514163550784647,0.7182153407123145,0.7878357177697399
unsup,dinov2-small,mert-330m,0,1.0,aggregate,0.0025,0.0275,0.0525,0.09,5,15,0.11,0.6895537972450256,0.37403543467171996,0.30035892490106825,0.14814122602591062,0.37403543467171996,0.36571080863497424,0.3827478731199464
unsup,dinov2-small,mert-330m,0,1.0,heldout_like_c,0.0,0.041666666666666664,0.08333333333333333,0.08333333333333333,3,15,0.049999999999999996,0.694972813129425,0.7822269778470925,0.3094592236298029,0.20689655172413793,0.7822269778470926,0.7044616482192135,0.8792917554300062
text,dinov2-small,mert-330m,0,nan,aggregate,0.0625,0.1675,0.2325,0.32,3,15,0.016,0.26562488079071045,0.18130860901139242,0.08819701312079145,0.02545847754054037,0.18130860901139242,0.17006621805872518,0.19414259181316193
text,dinov2-small,mert-330m,0,nan,heldout_like_c,0.0,0.08333333333333333,0.20833333333333334,0.25,1,15,0.025000000000000005,0.3009073734283447,0.7125892975957768,-0.001885688651125511,-0.002074688796680498,0.7125892975957768,0.6605624094867117,0.7735122878754609
c-direct,dinov2-small,mert-95m,300,0.5,aggregate,0.505,0.6175,0.6425,0.685,7,15,0.036000000000000004,0.4894792437553406,0.2116133129917565,0.1187970898476135,0.04432180882753565,0.21161331299175656,0.21001669243253432,0.21323439565951963
c-direct,dinov2-small,mert-95m,300,0.5,heldout,0.02,0.06,0.07,0.13,2,15,0.012000000000000002,0.5162181258201599,0.38385635339789453,0.06313573773728177,0.02340484814711619,0.38385635339789453,0.3873676965010606,0.38040809646276985
d,dinov2-small,mert-95m,0,0.7,aggregate,0.05,0.1325,0.2175,0.3175,4,15,0.018500000000000003,0.4159777760505676,0.1750280939857573,0.07875151085214797,0.028603303041732826,0.1750280939857573,0.17320223757256323,0.1768928560126544
d,dinov2-small,mert-95m,0,0.7,heldout_like_c,0.0,0.11538461538461539,0.23076923076923078,0.2692307692307692,1,15,0.015384615384615385,0.27738773822784424,0.7170831801242871,0.005492355068666932,0.003900808024519365,0.7170831801242873,0.6948369271409798,0.7408010436749491
unsup,dinov2-small,mert-95m,0,1.0,aggregate,0.0025,0.02,0.0275,0.06,0,15,0.0885,0.6693289875984192,0.29032440437042945,0.20575550979670962,0.08601817608151892,0.29032440437042945,0.27209651982596633,0.3111698298694721
unsup,dinov2-small,mert-95m,0,1.0,heldout_like_c,0.0,0.0,0.0,0.11538461538461539,2,15,0.05384615384615385,0.5750163793563843,0.6800148686580916,0.1615932694465001,0.08032567144913866,0.6800148686580916,0.5977953850245472,0.788457624057164
text,dinov2-small,mert-95m,0,nan,aggregate,0.0625,0.1675,0.2325,0.32,5,15,0.023000000000000003,0.28295817971229553,0.18452524559503983,0.09361408326540162,0.03137896275304905,0.1845252455950398,0.17714475150072712,0.19254747304251388
text,dinov2-small,mert-95m,0,nan,heldout_like_c,0.0,0.19230769230769232,0.3076923076923077,0.3076923076923077,1,15,0.0,0.12825046479701996,0.7032439797026567,-0.005025227322253774,-0.00463678516228748,0.7032439797026566,0.6741547584145644,0.7349567570372151
c-direct,vit-mae-base,clap-fused,300,0.5,aggregate,0.17,0.3,0.3975,0.49,5,15,0.0785,0.5147960782051086,0.29801419683704283,0.214759879461679,0.08855214520345002,0.2980141968370428,0.3039914670465626,0.29226745154738354
c-direct,vit-mae-base,clap-fused,300,0.5,heldout,0.0,0.04,0.13,0.22,4,15,0.052000000000000005,0.4557439386844635,0.45926210418548236,0.193417387439592,0.10258473894221401,0.45926210418548236,0.4634611872492575,0.4551384275639294
d,vit-mae-base,clap-fused,0,0.7,aggregate,0.065,0.1525,0.24,0.345,4,15,0.023,0.3478267192840576,0.15211191843276495,0.0515790785115962,0.020438394855174246,0.15211191843276495,0.15465903399540548,0.14964734159660148
d,vit-mae-base,clap-fused,0,0.7,heldout_like_c,0.058823529411764705,0.14705882352941177,0.2647058823529412,0.35294117647058826,6,15,0.0058823529411764705,0.2951453924179077,0.6577078167765983,0.05141401129766794,0.0368398079441292,0.6577078167765983,0.6432049680357266,0.6728797665595868
unsup,vit-mae-base,clap-fused,0,1.0,aggregate,0.0025,0.0075,0.0275,0.0775,1,15,0.107,0.6642146110534668,0.37637355409520096,0.30532946649105164,0.14805496768481036,0.37637355409520096,0.3744625835128626,0.37830412898706217
unsup,vit-mae-base,clap-fused,0,1.0,heldout_like_c,0.0,0.0,0.0,0.029411764705882353,2,15,0.047058823529411764,0.5275002717971802,0.666502754373497,0.16862344237701632,0.13412563667232597,0.6665027543734969,0.629562302502966,0.7080484936897835
text,vit-mae-base,clap-fused,0,nan,aggregate,0.0625,0.1675,0.2325,0.32,2,15,0.023,0.07013903558254242,0.12340710388286404,0.021153822371430896,0.002789802673671554,0.12340710388286405,0.12222351949140577,0.12461383554403206
text,vit-mae-base,clap-fused,0,nan,heldout_like_c,0.058823529411764705,0.17647058823529413,0.23529411764705882,0.3235294117647059,6,15,0.029411764705882353,-0.032654017210006714,0.6610986496696627,0.11931284919174916,0.08159062103929024,0.6610986496696626,0.6326311836080558,0.6922488210988139
c-direct,vit-mae-base,clap-larger,300,0.5,aggregate,0.18,0.315,0.41,0.5175,6,15,0.07200000000000001,0.44834402203559875,0.2928014985993318,0.20888721007661426,0.09162243643316896,0.2928014985993318,0.2961469060003573,0.2895308293480219
c-direct,vit-mae-base,clap-larger,300,0.5,heldout,0.02,0.08,0.14,0.25,5,15,0.038000000000000006,0.3726535737514496,0.4174577049901358,0.13094941012111044,0.06439764235945773,0.41745770499013585,0.4206620952909824,0.4143017644608526
d,vit-mae-base,clap-larger,0,0.7,aggregate,0.055,0.1475,0.235,0.3425,5,15,0.022000000000000002,0.3167073130607605,0.16294631259113193,0.06367441043751541,0.024127340381548637,0.1629463125911319,0.16539673141659714,0.1605674416282492
d,vit-mae-base,clap-larger,0,0.7,heldout_like_c,0.15384615384615385,0.2692307692307692,0.34615384615384615,0.34615384615384615,3,15,0.038461538461538464,0.10372719168663025,0.7055849965479792,0.04658903260437753,0.030140256639809012,0.7055849965479792,0.666348403069961,0.7497314330371219
unsup,vit-mae-base,clap-larger,0,1.0,aggregate,0.0075,0.0175,0.0375,0.07,4,15,0.1025,0.6855726838111877,0.3406668731861476,0.2623649942290411,0.11008338139836282,0.3406668731861476,0.3393195971790704,0.34202489062100183
unsup,vit-mae-base,clap-larger,0,1.0,heldout_like_c,0.038461538461538464,0.038461538461538464,0.038461538461538464,0.038461538461538464,0,15,0.02307692307692308,0.45276445150375366,0.729806795992631,0.14723755585750004,0.13793103448275862,0.7298067959926311,0.6859978545449987,0.7795928675701045
text,vit-mae-base,clap-larger,0,nan,aggregate,0.0625,0.1675,0.2325,0.32,3,15,0.0165,0.06747792661190033,0.13013319659774042,0.02657894770019565,0.004949894350821187,0.13013319659774042,0.12734377292657,0.13304755985494376
text,vit-mae-base,clap-larger,0,nan,heldout_like_c,0.07692307692307693,0.19230769230769232,0.3076923076923077,0.38461538461538464,4,15,0.0,0.10380400717258453,0.6972379396204487,-0.011600568700407786,-0.009646827992151732,0.6972379396204487,0.6653156858185835,0.7323778784701239
c-direct,vit-mae-base,clap-unfused,300,0.5,aggregate,0.1325,0.2675,0.325,0.41,5,15,0.0815,0.5220334529876709,0.31335247540718003,0.23190213370837798,0.10343846529019672,0.31335247540718,0.31848293312051945,0.308384690791394
c-direct,vit-mae-base,clap-unfused,300,0.5,heldout,0.02,0.07,0.1,0.17,2,15,0.052000000000000005,0.43700045347213745,0.4746262494001049,0.2093008232529212,0.13121165473465032,0.47462624940010495,0.48149956021898427,0.46794640715581093
d,vit-mae-base,clap-unfused,0,0.7,aggregate,0.0575,0.1425,0.23,0.33,6,15,0.020499999999999997,0.3287363648414612,0.17076893673541463,0.07235082099673651,0.025659072509762664,0.17076893673541466,0.17383736500023053,0.1678069521527705
d,vit-mae-base,clap-unfused,0,0.7,heldout_like_c,0.10714285714285714,0.17857142857142858,0.25,0.35714285714285715,3,15,0.014285714285714287,0.33479398488998413,0.6575790367421622,0.0015027294074095596,-0.0024479804161566705,0.6575790367421622,0.6328306194240091,0.6843419322266961
unsup,vit-mae-base,clap-unfused,0,1.0,aggregate,0.0,0.0075,0.0275,0.065,0,15,0.09149999999999998,0.686484158039093,0.35975123148412436,0.2843589843641715,0.1597160512167488,0.35975123148412436,0.353404840699997,0.3663297253966707
unsup,vit-mae-base,clap-unfused,0,1.0,heldout_like_c,0.0,0.0,0.0,0.03571428571428571,0,15,0.028571428571428574,0.5182226896286011,0.7048403967238996,0.16996332333360425,0.10444225074037512,0.7048403967238996,0.6707668066826955,0.7425609850617725
text,vit-mae-base,clap-unfused,0,nan,aggregate,0.0625,0.1675,0.2325,0.32,3,15,0.019,0.08169956505298615,0.13400813841048723,0.02960095110846467,0.0061966041753260355,0.13400813841048725,0.13139737148753708,0.13672475646522264
text,vit-mae-base,clap-unfused,0,nan,heldout_like_c,0.10714285714285714,0.21428571428571427,0.32142857142857145,0.35714285714285715,2,15,0.0071428571428571435,0.014115139842033386,0.7455097298707641,0.18795966318659663,0.16248153618906944,0.7455097298707641,0.735352096878524,0.755951914147227
c-direct,vit-mae-base,mert-330m,300,0.5,aggregate,0.0425,0.0925,0.165,0.245,8,15,0.08399999999999999,0.6951508522033691,0.3364383646796401,0.2577912481342529,0.11166804450829781,0.3364383646796401,0.34175528555241697,0.331284347358597
c-direct,vit-mae-base,mert-330m,300,0.5,heldout,0.0,0.03,0.1,0.16,4,15,0.07800000000000001,0.6257082223892212,0.44973933938128174,0.18927279456828672,0.1429339555477373,0.44973933938128174,0.44972458446274255,0.44975409526803467
d,vit-mae-base,mert-330m,0,0.7,aggregate,0.0575,0.1675,0.2325,0.3475,7,15,0.026000000000000002,0.4716944098472595,0.1656144394837031,0.06659832446503719,0.022944346735855957,0.16561443948370308,0.1673196705398942,0.16394361534539853
d,vit-mae-base,mert-330m,0,0.7,heldout_like_c,0.12,0.16,0.28,0.36,4,15,0.0,0.6755965948104858,0.6851315294207145,0.11155293046941535,0.07578558225508318,0.6851315294207144,0.6065058978085394,0.7871791009775583
unsup,vit-mae-base,mert-330m,0,1.0,aggregate,0.0025,0.0275,0.035,0.08,2,15,0.1305,0.8225733637809753,0.38922720135312394,0.31847223618441334,0.17310024561109605,0.3892272013531239,0.3829988973621462,0.3956614225323669
unsup,vit-mae-base,mert-330m,0,1.0,heldout_like_c,0.0,0.0,0.0,0.08,3,15,0.08,0.8970699310302734,0.7791218897767522,0.3683764621087447,0.3068391866913124,0.7791218897767523,0.6921402574677352,0.8911078896832955
text,vit-mae-base,mert-330m,0,nan,aggregate,0.0625,0.1675,0.2325,0.32,5,15,0.012,0.101488396525383,0.11791798562516413,0.018518355519906233,-0.0015802368119992333,0.11791798562516413,0.11204164274707579,0.1244448500138303
text,vit-mae-base,mert-330m,0,nan,heldout_like_c,0.04,0.08,0.2,0.36,5,15,0.0,-0.10627099126577377,0.6320092034032836,-0.028211294526852247,-0.01950354609929078,0.6320092034032837,0.5572915210531004,0.7298642032292273
c-direct,vit-mae-base,mert-95m,300,0.5,aggregate,0.07,0.17,0.2175,0.2975,3,15,0.08800000000000001,0.7357003688812256,0.3389383637971604,0.26102881650053833,0.12424695599365931,0.33893836379716047,0.3422977083380448,0.3356443163225467
c-direct,vit-mae-base,mert-95m,300,0.5,heldout,0.01,0.01,0.04,0.09,3,15,0.052000000000000005,0.6420550346374512,0.4426660160879539,0.17460149863142252,0.08971842967480018,0.4426660160879539,0.4447806496003373,0.4405713947576663
d,vit-mae-base,mert-95m,0,0.7,aggregate,0.0475,0.1425,0.2175,0.355,5,15,0.019,0.5127457976341248,0.14714961436872298,0.04876802789613206,0.014516641027519352,0.147149614368723,0.14748847558030637,0.14681230668469697
d,vit-mae-base,mert-95m,0,0.7,heldout_like_c,0.07407407407407407,0.18518518518518517,0.2962962962962963,0.37037037037037035,2,15,0.02962962962962963,0.6402238607406616,0.7472406765064269,0.12003151339845845,0.07912178956089479,0.747240676506427,0.7354020899200259,0.7594666572378285
unsup,vit-mae-base,mert-95m,0,1.0,aggregate,0.0025,0.0225,0.0375,0.06,3,15,0.1175,0.7995705604553223,0.33499147853096134,0.2615077758210768,0.14425263087668597,0.33499147853096134,0.3243855777497959,0.34631434818956736
unsup,vit-mae-base,mert-95m,0,1.0,heldout_like_c,0.0,0.037037037037037035,0.07407407407407407,0.1111111111111111,3,15,0.014814814814814815,0.7620049715042114,0.6147684707558762,0.03888555110832288,0.03356496656614658,0.6147684707558762,0.5437935671869525,0.7070514880869398
text,vit-mae-base,mert-95m,0,nan,aggregate,0.0625,0.1675,0.2325,0.32,3,15,0.024000000000000004,0.10421530902385712,0.11651463439907261,0.018743284126623298,0.0017420255855862684,0.11651463439907263,0.11334395366159225,0.11986781341534979
text,vit-mae-base,mert-95m,0,nan,heldout_like_c,0.07407407407407407,0.18518518518518517,0.2222222222222222,0.3333333333333333,2,15,0.022222222222222227,-0.048790093511343,0.6617823078393165,-0.0862154661490025,-0.06491215691808368,0.6617823078393166,0.6395978285534891,0.6855610225648767
